model,item_id,condition,entity,correct,intuitive,population_ratio,auc_boost_neg,auc_boost_pos,layer_argmax_boost,output_entropy,output_rank_correct,output_logprob_correct,output_logprobdiff,auc_entropy,layer_biggest_change_entropy,auc_rank_correct,layer_biggest_change_rank_correct,auc_logprob_correct,layer_biggest_change_logprob_correct,auc_logprobdiff_pos,auc_logprobdiff_neg,layer_biggest_change_logprobdiff,control_auc_entropy,control_layer_biggest_change_entropy,control_auc_rank_correct,control_layer_biggest_change_rank_correct,control_auc_logprob_correct,control_layer_biggest_change_logprob_correct,control_auc_logprobdiff_pos,control_auc_logprobdiff_neg,control_layer_biggest_change_logprobdiff
Llama-2-7b-hf,1,correct_first,Australia,Canberra,Sydney,10.86749482,52.78407408667341,73.13058060337872,26,2.8715534,1.0,-0.9034418,1.8259383000000002,147.963987891,11,6.539005923578243,26,229.1273557535,24,33.8467814865,43.55507931,26,171.39384560000002,15,0.00878897348102904,29,387.55231649999996,8,1.4951824999999985,42.024837999999995,15
Llama-2-7b-hf,1,intuitive_first,Australia,Canberra,Sydney,10.86749482,44.29108965772669,74.80861236400577,26,2.9405658,1.0,-0.9209532,2.4445782,150.600719152,11,7.585433508505039,24,227.05585719959998,19,37.9897083004,34.4960106,26,171.39384560000002,15,0.00878897348102904,29,387.55231649999996,8,1.4951824999999985,42.024837999999995,15
Llama-2-7b-hf,2,correct_first,Brazil,Brasilia,Rio de Janeiro,2.790180361,42.067557139028295,48.09697106903734,23,3.2620602,1.0,-1.1758215,1.4744272999999999,146.88540645,11,8.547664742176359,23,247.55335192,18,30.97493328,55.1737419,19,171.3938569,15,0.0023168989592771885,6,415.115685,30,2.6646320000000046,37.543002,14
Llama-2-7b-hf,2,intuitive_first,Brazil,Brasilia,Rio de Janeiro,2.790180361,40.95303177756501,48.558171556824895,23,3.3789628,1.0,-1.2245771,1.6209515,149.94986145000001,11,8.745085714924414,23,248.40832882,18,30.98331708,54.702489500000006,23,171.3938569,15,0.0023168989592771885,6,415.115685,30,2.6646320000000046,37.543002,14
Llama-2-7b-hf,3,correct_first,Canada,Ottawa,Toronto,4.430716724,19.83267672180989,83.53011873195297,22,3.0267096,1.0,-0.9258203,2.4656877,141.200761628,11,12.102141230901008,19,205.51010455699998,19,82.225303443,11.0964463,22,171.3938569,15,0.01022233048256604,11,364.67423499999995,30,24.272249000000002,13.899700499999998,1
Llama-2-7b-hf,3,intuitive_first,Canada,Ottawa,Toronto,4.430716724,18.229882343594152,86.63662869797847,22,3.0244672,1.0,-0.90289384,2.69337266,141.6476819148,11,12.134903652628628,19,203.1900341506,19,90.2268451494,8.8915076,22,171.3938569,15,0.01022233048256604,11,364.67423499999995,30,24.272249000000002,13.899700499999998,1
Llama-2-7b-hf,4,correct_first,India,New Delhi,Mumbai,107.2815534,28.970781822621976,75.18387993739239,26,2.757491,1.0,-0.8205516,3.3150318,162.88552968,11,4.407253105717815,29,255.12182611999998,21,95.02050778,4.414063999999998,17,171.39384560000002,15,0.026594345201561655,29,361.132218,29,31.11474549999999,8.316113500000002,1
Llama-2-7b-hf,4,intuitive_first,India,New Delhi,Mumbai,107.2815534,22.446574354050192,74.68910689800309,26,2.6214488,1.0,-0.69152755,3.7130611499999997,162.7760687,11,4.870429022159044,28,252.93902209499998,21,99.230274905,4.3506744999999984,18,171.39384560000002,15,0.026594345201561655,29,361.132218,29,31.11474549999999,8.316113500000002,1
Llama-2-7b-hf,5,correct_first,Morrocco,Rabat,Marrakesh,0.5371287129,40.31941308437902,54.000246793931474,21,3.5969086,1.0,-1.1708288,1.1935863999999998,142.10745279,11,8.458738921665992,22,281.052515245,21,67.26170305499998,34.1924937,21,171.3938569,15,0.017947049352147623,10,370.614472,26,10.039977999999998,42.039580300000004,17
Llama-2-7b-hf,5,intuitive_first,Morrocco,Rabat,Marrakesh,0.5371287129,28.800914228591594,72.13545604148821,21,3.0109992,1.0,-0.7593122,2.772129,130.035586303,11,9.707684522052693,22,277.4071656,21,105.1795907,32.661951999999985,16,171.3938569,15,0.017947049352147623,10,370.614472,26,10.039977999999998,42.039580300000004,17
Llama-2-7b-hf,6,correct_first,New Zealand,Wellington,Auckland,3.997663551,45.188788667332226,100.22015134024518,20,3.6772857,1.0,-1.4651423,0.8820428,149.85534112099998,11,10.36073462817961,21,260.77950036360005,20,110.3869948364,21.118614,20,171.3938569,15,0.0013296175224846657,29,461.3469975,6,0.37618999999999936,76.2423852,6
Llama-2-7b-hf,6,intuitive_first,New Zealand,Wellington,Auckland,3.997663551,44.26457643621071,115.8885919244253,20,3.362688,1.0,-1.060565,1.8948727,144.648138814,11,11.023133963359324,20,257.1151076827,20,131.09617701730002,20.627114499999998,20,171.3938569,15,0.0013296175224846657,29,461.3469975,6,0.37618999999999936,76.2423852,6
Llama-2-7b-hf,7,correct_first,Pakistan,Islamabad,Karachi,13.92307692,31.63015227977656,55.863995629022114,21,2.8787577,1.0,-0.7393263,2.6973905,169.67001135,17,8.281298090797847,23,255.34122886900002,21,46.51109113099999,6.439088600000002,18,171.3938569,15,0.004075696988985741,30,411.48363800000004,12,40.9596975,6.7339955000000025,3
Llama-2-7b-hf,7,intuitive_first,Pakistan,Islamabad,Karachi,13.92307692,24.242015138483055,54.35977137089766,21,2.8562276,1.0,-0.70326346,3.18455034,171.07114723,11,8.337778192574593,23,252.781706155,21,52.906214145,4.8859098,18,171.3938569,15,0.004075696988985741,30,411.48363800000004,12,40.9596975,6.7339955000000025,3
Llama-2-7b-hf,8,correct_first,South Africa,Pretoria,Johannesburg,2.133333333,101.47330167328924,96.14264588310164,29,3.3523822,1.0,-1.0039496,2.9558421,146.57556965499998,11,3.768169226354736,28,305.457545226,27,42.612428873999995,110.60673707199999,29,171.39384560000002,15,0.02770292909945606,29,383.2381815,29,53.4142955,1.7409119999999998,29
Llama-2-7b-hf,8,intuitive_first,South Africa,Pretoria,Johannesburg,2.133333333,95.90808187561939,94.18210126809518,27,3.4214284,1.0,-1.0573384,3.1616256,151.151405066,11,4.230219038594715,27,298.749498215,27,43.761463185000004,101.88950340600002,29,171.39384560000002,15,0.02770292909945606,29,383.2381815,29,53.4142955,1.7409119999999998,29
Llama-2-7b-hf,9,correct_first,Switzerland,Bern,Zurich,3.247767857,34.35567030852409,53.07264571911367,24,3.2270954,1.0,-1.0635002,1.8149348,149.46111786,11,7.7026904604419535,24,246.99533656,19,61.22391804,32.85695200000001,24,171.3938569,15,0.0026106918436400346,30,422.6553765,30,1.921077999999996,63.610861,2
Llama-2-7b-hf,9,intuitive_first,Switzerland,Bern,Zurich,3.247767857,32.30447977100224,61.534013709077,24,3.0833645,1.0,-0.92751396,2.68385604,149.01306615,11,9.020935228110172,23,237.3127247099,19,74.3736648901,25.107558699999995,24,171.3938569,15,0.0026106918436400346,30,422.6553765,30,1.921077999999996,63.610861,2
Llama-2-7b-hf,10,correct_first,Turkey,Ankara,Istanbul,2.926126126,76.53939306557017,80.79430431240793,27,3.2778373,1.0,-1.1269746,1.7515907,155.06028617,17,5.259737797341426,27,277.152132762,24,34.692285138,62.899913881,24,171.39384560000002,15,0.079721994159154,25,342.440376,9,73.2261405,2.390634499999999,16
Llama-2-7b-hf,10,intuitive_first,Turkey,Ankara,Istanbul,2.926126126,57.74038698030602,79.30974704874085,27,3.23327,1.0,-1.0220251,2.5765819,160.77549514,11,6.168868175755247,26,260.358635145,24,43.808396855000005,40.71472155,24,171.39384560000002,15,0.079721994159154,25,342.440376,9,73.2261405,2.390634499999999,16
Llama-2-7b-hf,11,correct_first,United Arab Emirates,Abu Dhabi,Dubai,1.9375,44.670675356513726,65.83087635895242,27,2.0370748,1.0,-0.44248915,3.57547985,153.022342428,22,7.857999120602795,25,227.1744369264,16,41.982999073600006,35.29863088,11,171.39384129999996,15,0.02231466461826773,29,414.34367399999996,23,42.7600265,26.128349999999998,13
Llama-2-7b-hf,11,intuitive_first,United Arab Emirates,Abu Dhabi,Dubai,1.9375,40.4190419122315,70.84235413517273,27,1.8460073,1.0,-0.3945717,4.2374743,153.359925899,11,8.605385182725694,24,219.1617353378,16,48.7503998622,24.77572078,11,171.39384129999996,15,0.02231466461826773,29,414.34367399999996,23,42.7600265,26.128349999999998,13
Llama-2-7b-hf,12,correct_first,Alabama,Montgomery,Birmingham,1.010416667,58.33438498064031,104.57477139911717,25,2.8297238,1.0,-0.9262702,2.3535909999999998,145.17675677,11,8.500029438694229,23,252.873144754,20,98.318681146,26.029123299999995,20,171.39384560000002,15,0.0014678735949749044,30,468.6965875,30,0.0,99.6847741,30
Llama-2-7b-hf,12,intuitive_first,Alabama,Montgomery,Birmingham,1.010416667,55.361543470712604,110.78148413958222,25,3.0434666,1.0,-1.0422369,2.6775254000000004,147.86486045,11,9.222546826216595,22,250.44828791999998,20,107.32096787999998,25.476155400000003,20,171.39384560000002,15,0.0014678735949749044,30,468.6965875,30,0.0,99.6847741,30
Llama-2-7b-hf,13,correct_first,Alaska,Juneau,Anchorage,9.099678457,59.815809126614425,58.51980618422734,24,3.1700954,1.0,-1.0510609,1.8612223,163.74793175,11,6.0704923435246085,25,297.8954383,22,15.183442699999997,44.9103482,24,171.3938569,15,0.001424413415990795,29,436.391054,26,0.0,93.95067799999998,30
Llama-2-7b-hf,13,intuitive_first,Alaska,Juneau,Anchorage,9.099678457,65.09598735514172,70.42832683421909,24,3.2253485,1.0,-1.0093852,2.0330295,158.96883804,11,7.056474567997119,24,295.5781195,24,21.750488100000002,41.91354539999999,24,171.3938569,15,0.001424413415990795,29,436.391054,26,0.0,93.95067799999998,30
Llama-2-7b-hf,14,correct_first,California,Sacramento,Los Angeles,7.210626186,24.563296181409353,84.94972401421552,20,2.6971605,1.0,-0.6649242,3.4029388000000003,140.67789493959998,11,11.184024509893757,20,227.06926136888,19,83.55247963112,33.0719262,20,171.39384560000002,15,0.008984062674527265,29,390.33884950000004,14,46.32437150000001,10.449702999999996,4
Llama-2-7b-hf,14,intuitive_first,California,Sacramento,Los Angeles,7.210626186,21.364890491296162,92.56517291262116,20,2.4607875,1.0,-0.5970942,4.2117232,132.4658533145,11,11.152518840320429,20,231.37414643376002,19,99.42420056624002,29.6230344,20,171.39384560000002,15,0.008984062674527265,29,390.33884950000004,14,46.32437150000001,10.449702999999996,4
Llama-2-7b-hf,15,correct_first,Connecticut,Hartford,Bridgeport,1.243697479,47.84028045933669,72.53507505242004,20,2.7687461,1.0,-0.70819587,2.88284883,134.578110859,11,10.59794397008368,21,261.548496782,19,80.511216518,31.587907499999993,19,171.3938569,15,0.00686900435418105,6,384.27372199999996,26,23.288975,10.496316499999995,2
Llama-2-7b-hf,15,intuitive_first,Connecticut,Hartford,Bridgeport,1.243697479,39.76758471292726,80.3676175627646,20,2.212767,1.0,-0.4555622,4.174116,133.119834796,11,11.099515363471834,20,257.7925721729,19,102.5900301271,29.773522000000003,20,171.3938569,15,0.00686900435418105,6,384.27372199999996,26,23.288975,10.496316499999995,2
Llama-2-7b-hf,16,correct_first,Delaware,Dover,Wilmington,1.791563275,68.88337111358716,81.20326934485023,29,3.9998896,1.0,-1.8723631,0.8602342999999999,144.86942474,11,3.1256941178404225,29,283.67340345,23,26.602817150000003,44.611254159999994,29,171.3938569,15,0.02106486054510847,29,399.9665095,29,71.36811149999998,10.482935000000001,29
Llama-2-7b-hf,16,intuitive_first,Delaware,Dover,Wilmington,1.791563275,57.548905923913516,94.48197232310724,23,3.8085248,1.0,-1.4804951,2.6090249000000005,147.54114356,11,4.939340600269471,27,265.995134834,23,44.949459665999996,15.021081500000001,29,171.3938569,15,0.02106486054510847,29,399.9665095,29,71.36811149999998,10.482935000000001,29
Llama-2-7b-hf,17,correct_first,Florida,Tallahassee,Jacksonville,4.917073171,65.24680252952302,95.9879776280244,28,3.2895057,1.0,-1.1253512,2.5250616,157.62986530900002,11,4.223712053371191,27,314.24214702257,21,41.841905077430006,44.4892715,28,171.3938397,15,0.09215137860836742,29,356.5189696,29,62.6065479,4.6947220000000005,14
Llama-2-7b-hf,17,intuitive_first,Florida,Tallahassee,Jacksonville,4.917073171,64.06347762192806,97.73228214955535,28,3.3305297,1.0,-1.1146246,2.725892,161.80995657,11,4.2285997435017935,27,314.01426769227,21,42.58566740773,41.50949390000001,28,171.3938397,15,0.09215137860836742,29,356.5189696,29,62.6065479,4.6947220000000005,14
Llama-2-7b-hf,18,correct_first,Illinois,Springfield,Chicago,23.53153153,73.38649154708982,77.65153560226933,21,3.366174,1.0,-1.4016601,0.6566018000000002,142.34670277,11,9.056546965910012,22,265.88592582,21,27.89896868,50.01783335,21,171.3938569,15,0.0020162920719924114,29,431.24756749999995,26,17.196906500000004,42.5176705,6
Llama-2-7b-hf,18,intuitive_first,Illinois,Springfield,Chicago,23.53153153,63.95336071941104,95.64282817677856,21,3.3386788,1.0,-1.276473,1.6669980000000002,136.27809489999999,11,9.586382827009498,22,268.24626652,21,51.210239879999996,32.8448768,21,171.3938569,15,0.0020162920719924114,29,431.24756749999995,26,17.196906500000004,42.5176705,6
Llama-2-7b-hf,19,correct_first,Kansas,Topeka,Wichita,3.16,30.70457665605764,52.748715915345855,23,3.4693904,1.0,-1.6651114,0.6347561999999998,145.88529585,11,4.813984340564401,27,279.531010552,24,48.248109647999996,8.084644,20,171.39384560000002,15,0.006760184716895391,29,391.3210775,26,62.09725799999999,3.9854710000000004,7
Llama-2-7b-hf,19,intuitive_first,Kansas,Topeka,Wichita,3.16,25.987237274614344,51.708371072457325,23,3.4272616,1.0,-1.5838938,0.806405,145.39456572,11,4.787166220124702,27,276.405047971,27,51.603360529,6.997823499999999,20,171.39384560000002,15,0.006760184716895391,29,391.3210775,26,62.09725799999999,3.9854710000000004,7
Llama-2-7b-hf,20,correct_first,Kentucky,Frankfort,Louisville,21.95729537,39.40609821069959,59.8984283872968,29,3.135533,1.0,-1.1453626,1.0134287,146.89018141999998,11,6.520052163251919,27,223.087866694,19,45.24996290600001,14.837682099999999,29,171.3938569,15,0.017523429127999222,9,357.493922,4,110.50033199999999,0.6190469999999983,0
Llama-2-7b-hf,20,intuitive_first,Kentucky,Frankfort,Louisville,21.95729537,32.30766190021166,68.80375665451746,24,2.9752812,1.0,-0.9472699,1.7987528000000002,146.64074759,11,9.204758986521398,23,215.667358508,19,63.34683259199999,2.339372170000001,0,171.3938569,15,0.017523429127999222,9,357.493922,4,110.50033199999999,0.6190469999999983,0
Llama-2-7b-hf,21,correct_first,Louisiana,Baton Rouge,New Orleans,1.63255814,54.406434623011435,95.20448129076044,20,3.377295,1.0,-1.2208377,1.0883149,139.047082371,11,11.114363615446308,20,202.08229768900003,20,104.904495611,9.9595654,20,171.3938397,15,0.0010039489480738308,30,454.1729825,7,0.001234999999999431,93.04198900000002,7
Llama-2-7b-hf,21,intuitive_first,Louisiana,Baton Rouge,New Orleans,1.63255814,41.18195158446182,97.10449508135596,20,3.2509665,1.0,-1.0647999,2.1759337,137.345252836,11,11.118102438160953,20,202.0717934585,20,126.37563364149999,9.259293000000001,20,171.3938397,15,0.0010039489480738308,30,454.1729825,7,0.001234999999999431,93.04198900000002,7
Llama-2-7b-hf,22,correct_first,Maine,Augusta,Portland,3.619791667,57.73039565366639,64.40253415089738,24,2.7363052,1.0,-0.70611024,2.09369566,162.3405406,11,4.645864571803079,27,299.60333384,24,8.451289860000003,72.71999681000001,24,171.3938569,15,0.0017885359813306508,29,431.50023799999997,26,1.739717999999998,42.4549485,14
Llama-2-7b-hf,22,intuitive_first,Maine,Augusta,Portland,3.619791667,49.0515482026344,71.46521168426267,24,2.102933,1.0,-0.44539636,2.95499044,152.75458756,11,7.044534627386843,24,285.78145457000005,24,21.41890703,53.625744999999995,24,171.3938569,15,0.0017885359813306508,29,431.50023799999997,26,1.739717999999998,42.4549485,14
Llama-2-7b-hf,23,correct_first,Maryland,Annapolis,Baltimore,13.72208437,59.79835849267466,76.38964475436522,25,2.9282038,1.0,-1.001216,1.3447723,140.407703138,11,6.986967618314556,25,286.38089343499996,25,27.719312565,87.659187045,25,171.3938569,15,0.002519829541585615,29,438.986011,26,3.0355735,40.94117849999999,29
Llama-2-7b-hf,23,intuitive_first,Maryland,Annapolis,Baltimore,13.72208437,53.855946437048615,77.32351893187108,25,2.9062598,1.0,-0.8878659,2.0739661,143.967428584,17,7.01787351801848,25,277.449791574,20,31.813454026,77.49862204,25,171.3938569,15,0.002519829541585615,29,438.986011,26,3.0355735,40.94117849999999,29
Llama-2-7b-hf,24,correct_first,Michigan,Lansing,Detroit,5.625,71.04199110197759,97.97276340861534,27,3.0808613,1.0,-1.0453357,1.4252462999999997,142.48089782,11,5.338183883694318,26,291.9672160905,26,24.105416709500002,78.64068490999999,26,171.39384560000002,15,0.02777930590675451,29,397.3753655,29,21.707655000000003,14.7382375,29
Llama-2-7b-hf,24,intuitive_first,Michigan,Lansing,Detroit,5.625,61.38565749774167,112.16663740776019,27,2.9222488,1.0,-0.8534838,2.2617443999999995,143.858804565,11,5.726039093768199,26,277.4147459368,21,33.3260102632,55.608868969999996,27,171.39384560000002,15,0.02777930590675451,29,397.3753655,29,21.707655000000003,14.7382375,29
Llama-2-7b-hf,25,correct_first,Minnesota,St. Paul,Minneapolis,1.408026756,67.33006827282792,56.64675586630845,29,3.7131257,1.0,-1.8798094,1.4889582999999997,149.29172889,11,2.712343148646352,29,342.98449803,27,15.37949437,98.67061209,29,171.39384560000002,15,0.006678997033657058,29,422.3343015,29,4.930828,50.7277435,11
Llama-2-7b-hf,25,intuitive_first,Minnesota,St. Paul,Minneapolis,1.408026756,69.54112372443322,59.38459919826232,29,3.8237722,1.0,-1.9083421,1.2711201,150.54483545,17,2.9688518077557005,29,334.41224516,27,16.10149564,94.20202303,29,171.39384560000002,15,0.006678997033657058,29,422.3343015,29,4.930828,50.7277435,11
Llama-2-7b-hf,26,correct_first,Montana,Helena,Billings,3.426183844,49.53324066729205,80.84906105545137,23,3.4754515,1.0,-1.2828151,1.8266714999999998,144.10884197000001,11,6.611139324521478,23,290.081080934,19,36.983991165999996,36.030683,19,171.3938569,15,0.000574407911210462,30,466.461023,26,0.0,87.11143349999999,16
Llama-2-7b-hf,26,intuitive_first,Montana,Helena,Billings,3.426183844,46.16539073243671,82.37167791377473,23,3.3217063,1.0,-1.1233859,2.3054028000000004,142.9943976,11,7.107784439405912,23,289.93219045600006,19,41.687381144,36.2125555,19,171.3938569,15,0.000574407911210462,30,466.461023,26,0.0,87.11143349999999,16
Llama-2-7b-hf,27,correct_first,Nebraska,Lincoln,Omaha,1.606060606,72.38533720417024,88.18909920169988,22,3.6545513,1.0,-1.6733999,0.7842045000000002,148.10127548000003,11,8.469884290960332,22,295.1804151,20,82.2226413,43.67331469999999,22,171.3938569,15,0.016293494461012987,26,369.637626,26,36.6220245,7.7074700000000025,12
Llama-2-7b-hf,27,intuitive_first,Nebraska,Lincoln,Omaha,1.606060606,64.79164166141948,92.74640899737135,22,3.5879242,1.0,-1.4242804,1.4390869000000002,145.67236741,11,8.527838185457515,22,293.16660622,20,92.96329088000002,41.52373000000001,22,171.3938569,15,0.016293494461012987,26,369.637626,26,36.6220245,7.7074700000000025,12
Llama-2-7b-hf,28,correct_first,Nevada,Carson City,Las Vegas,11.63194444,89.53345779763433,76.89806787777667,24,3.7562742,1.0,-1.7431798,0.6195192,145.59572062,11,3.2894599802724294,29,357.08869264,24,4.613831059999998,136.522422552,24,171.39384560000002,15,0.008511215716795032,29,432.65865399999996,26,16.615597,68.2160945,14
Llama-2-7b-hf,28,intuitive_first,Nevada,Carson City,Las Vegas,11.63194444,72.91587800322928,82.7502033121107,27,3.58055,1.0,-1.5846224,1.5597991999999998,145.27879166,11,4.746569970496573,27,340.50210697,19,9.462399629999998,105.50019285500001,23,171.39384560000002,15,0.008511215716795032,29,432.65865399999996,26,16.615597,68.2160945,14
Llama-2-7b-hf,29,correct_first,New Hampshire,Concord,Manchester,2.561247216,44.22933946868277,78.21767691703486,28,3.4319668,1.0,-1.3168267,2.3776847,154.75793978000002,11,5.12320932887369,27,284.99676417,19,16.49356603,45.3208665,28,171.3938569,15,0.0032441479536729914,29,419.173333,3,30.002590000000005,21.053632,3
Llama-2-7b-hf,29,intuitive_first,New Hampshire,Concord,Manchester,2.561247216,40.088977044607056,97.85893057651579,28,3.142863,1.0,-0.96862096,3.4835556399999996,146.181912871,11,8.30892964658425,23,267.26484373000005,19,45.12656177,34.725174,19,171.3938569,15,0.0032441479536729914,29,419.173333,3,30.002590000000005,21.053632,3
Llama-2-7b-hf,30,correct_first,New Jersey,Trenton,Newark,3.407572383,53.22488793359591,45.96941375054135,23,3.5832424,1.0,-1.4237874,0.7704782000000001,165.216275,11,7.516581593477667,23,296.90970353,23,13.92468987,76.6051596,23,171.39384560000002,15,0.00416698070155912,29,399.4500225,29,4.853273000000003,43.171066999999994,4
Llama-2-7b-hf,30,intuitive_first,New Jersey,Trenton,Newark,3.407572383,47.030437523183274,52.031557226693295,23,3.477016,1.0,-1.1887096,1.5829631,162.96822482,11,8.027787837050465,23,286.825124676,23,26.412421123999998,65.315958,23,171.39384560000002,15,0.00416698070155912,29,399.4500225,29,4.853273000000003,43.171066999999994,4
Llama-2-7b-hf,31,correct_first,New Mexico,Santa Fe,Albuquerque,6.182019978,53.130501920323184,70.29974086658322,22,3.4605386,1.0,-1.4131315,1.2786579000000002,144.51683126,11,9.486237181461187,22,248.55922127699998,19,103.353481323,5.889078000000001,26,171.3938569,15,0.0038913980054105374,30,429.730324,15,20.209760000000003,14.1361895,15
Llama-2-7b-hf,31,intuitive_first,New Mexico,Santa Fe,Albuquerque,6.182019978,49.06683656099996,75.49777544054014,22,3.4009843,1.0,-1.2952425,1.7339764999999998,143.044724487,11,9.40617778359095,22,248.4752988377,19,113.30664716230001,5.861640500000004,26,171.3938569,15,0.0038913980054105374,30,429.730324,15,20.209760000000003,14.1361895,15
Llama-2-7b-hf,32,correct_first,New York,Albany,New York,77.05825243,76.61833300647629,74.45856731922937,20,2.6930854,1.0,-1.0364975,0.33065409999999984,138.21049209,11,10.584147867860008,20,245.996874592,20,67.408328308,54.08680696999999,20,171.3938569,15,0.0033078063954723167,30,423.291362,30,0.10091000000000072,62.2600435,0
Llama-2-7b-hf,32,intuitive_first,New York,Albany,New York,77.05825243,57.40606024443356,79.49779977510835,20,2.6247654,1.0,-0.68530256,1.53588284,141.139263496,11,11.10689619753417,20,239.889973173,20,94.60574982699998,48.43561089999999,20,171.3938569,15,0.0033078063954723167,30,423.291362,30,0.10091000000000072,62.2600435,0
Llama-2-7b-hf,33,correct_first,North Carolina,Raleigh,Charlotte,1.892712551,64.14239450850806,100.50559755206069,27,3.4243205,1.0,-1.4685991,3.8356125000000003,152.172766184,11,4.529490663419384,27,289.85497913,27,33.00758427,57.970180840000005,27,171.39384560000002,15,0.054777203018704916,29,355.20382670000004,29,41.0674633,12.869587000000003,14
Llama-2-7b-hf,33,intuitive_first,North Carolina,Raleigh,Charlotte,1.892712551,67.96494941164077,100.4697744970428,27,3.5245578,1.0,-1.4743702,3.5266950999999995,154.60516241,11,4.419047819254548,27,292.31602093800007,27,30.618421262,68.29571447000001,27,171.39384560000002,15,0.054777203018704916,29,355.20382670000004,29,41.0674633,12.869587000000003,14
Llama-2-7b-hf,34,correct_first,North Dakota,Bismarck,Fargo,1.815789474,22.778199498006515,59.628100418629536,26,3.6055567,1.0,-1.4300402,1.3216563999999997,157.26007921,11,5.232365219109655,26,261.259990696,3,82.888936404,0.46362200000000087,26,171.3938397,15,0.05297318302287586,29,369.011772,29,42.05549249999999,5.462058000000001,8
Llama-2-7b-hf,34,intuitive_first,North Dakota,Bismarck,Fargo,1.815789474,21.76982936174077,63.535621640339436,26,3.6521506,1.0,-1.5005498,1.6529875,151.88612858,11,4.699298440509494,27,267.893016323,13,88.889310077,0.4488450000000004,26,171.3938397,15,0.05297318302287586,29,369.011772,29,42.05549249999999,5.462058000000001,8
Llama-2-7b-hf,35,correct_first,Oregon,Salem,Portland,3.45505618,70.0203662665439,92.0755511506189,27,3.5336225,1.0,-1.4303088,1.0194302000000002,155.83364957999999,11,3.580426713872271,28,303.8610437560001,27,17.804054744000002,88.10817970000001,27,171.3938569,15,0.030264120663787742,29,370.18804550000004,29,36.65869449999999,16.061732499999998,14
Llama-2-7b-hf,35,intuitive_first,Oregon,Salem,Portland,3.45505618,60.860731069836056,106.10772422412882,27,3.303964,1.0,-1.0940034,2.279439,156.47035069,11,4.25407940323621,27,279.113639589,27,28.585753111,55.557941,27,171.3938569,15,0.030264120663787742,29,370.18804550000004,29,36.65869449999999,16.061732499999998,14
Llama-2-7b-hf,36,correct_first,Pennsylvania,Harrisburg,Philadelphia,30.34,42.35317267580771,76.00871898500525,21,3.3358147,1.0,-1.1406919,1.5173167,141.37113415,11,10.249426308607237,21,215.044470451,20,51.177261349000005,14.822683800000004,21,171.3938569,15,0.004605751540829021,5,393.021162,5,19.647885499999994,28.318078999999997,5
Llama-2-7b-hf,36,intuitive_first,Pennsylvania,Harrisburg,Philadelphia,30.34,42.973684120575285,76.18722223912202,21,3.506347,1.0,-1.2851394,1.7010252,145.6809359,11,10.279287590163,21,218.660173289,20,46.112951810999995,14.277249,21,171.3938569,15,0.004605751540829021,5,393.021162,5,19.647885499999994,28.318078999999997,5
Llama-2-7b-hf,37,correct_first,South Dakota,Pierre,Sioux Falls,15.57971014,40.805230998472766,53.14502218398477,20,3.0946794,1.0,-0.8507725,2.3224972,136.32155146000002,11,11.085217877702295,20,248.24326819,20,52.475048210000004,30.916703,20,171.3938569,15,0.002337753296168934,7,417.53264049999996,7,45.269812,9.717568500000002,7
Llama-2-7b-hf,37,intuitive_first,South Dakota,Pierre,Sioux Falls,15.57971014,39.09068320829589,62.32070318114619,20,2.9099393,1.0,-0.7248335,2.9486905,135.11431707600002,11,11.051206334407052,20,255.095165185,20,66.310534815,32.229383999999996,20,171.3938569,15,0.002337753296168934,7,417.53264049999996,7,45.269812,9.717568500000002,7
Llama-2-7b-hf,38,correct_first,Texas,Austin,Houston,2.349848332,25.112247756495737,71.09898972018702,20,3.1072319,1.0,-0.97818625,3.3848084499999995,137.07318268400002,11,11.381881076199079,20,206.1823254629,19,98.7046484371,5.704774499999999,20,171.3938569,15,0.011442525548805772,3,366.78673050000003,3,15.369558499999997,6.0804680000000015,3
Llama-2-7b-hf,38,intuitive_first,Texas,Austin,Houston,2.349848332,24.9459802935816,74.2855463717504,20,3.105694,1.0,-0.9022915,3.5635345,134.4672962957,11,11.364770179541283,20,206.28926007805,19,102.42637922195001,5.791864799999999,20,171.3938569,15,0.011442525548805772,3,366.78673050000003,3,15.369558499999997,6.0804680000000015,3
Llama-2-7b-hf,39,correct_first,Vermont,Montpelier,Burlington,5.620253165,46.22149969916272,80.76592428942119,25,3.4131932,1.0,-1.307215,0.9799947,158.46305043,11,8.758004764002127,24,242.113104045,20,69.89717765500002,2.4768480000000004,25,171.39384560000002,15,0.0014678735949749044,30,468.6965875,30,4.777037999999999,46.17942499999998,11
Llama-2-7b-hf,39,intuitive_first,Vermont,Montpelier,Burlington,5.620253165,47.484882924825754,93.95002799184594,25,3.492313,1.0,-1.3362825,1.3520774999999998,152.20405922999998,11,11.008807658856217,20,235.00245516,20,95.45257463999998,2.144767999999999,20,171.39384560000002,15,0.0014678735949749044,30,468.6965875,30,4.777037999999999,46.17942499999998,11
Llama-2-7b-hf,40,correct_first,Virginia,Richmond,Virginia Beach,1.948051948,23.239065381963744,35.05429828175516,22,3.5627797,1.0,-1.4111362,2.5681371,150.3794353,11,7.863179231067292,30,233.49423091,20,28.847048460000003,21.07184466,24,171.3938569,15,0.015189792093497023,24,355.944121,30,102.3991075,0.0,2
Llama-2-7b-hf,40,intuitive_first,Virginia,Richmond,Virginia Beach,1.948051948,16.468503595700568,39.623076487787536,22,3.3265831,1.0,-1.1012756,3.7021004,148.87946929999998,11,9.20594605734766,22,230.29117911000003,20,39.823323089999995,13.5162798,10,171.3938569,15,0.015189792093497023,24,355.944121,30,102.3991075,0.0,2
Llama-2-7b-hf,41,correct_first,Washington,Olympia,Seattle,13.70967742,51.99150443381395,62.925863948164334,25,3.0056214,1.0,-0.86326605,2.13002585,146.478488122,11,9.510315839005973,22,257.9177414697,20,37.13213763030001,64.0039482,25,171.3938569,15,0.00934755009179524,4,377.8924515,2,13.666902,39.79327400000001,2
Llama-2-7b-hf,41,intuitive_first,Washington,Olympia,Seattle,13.70967742,47.227634658977216,67.56276294113819,25,2.924118,1.0,-0.8068625,2.9317158,143.695739486,11,9.664482618933972,22,257.7485025493,20,45.2500392507,56.09728819999999,25,171.3938569,15,0.00934755009179524,4,377.8924515,2,13.666902,39.79327400000001,2
Llama-2-7b-hf,42,correct_first,Wisconsin,Madison,Milwaukee,1.940140845,50.22929138181011,55.32945321850462,25,3.6783688,1.0,-1.7212421,1.0390356,148.36662030000002,11,9.64642631139263,22,226.73413539,19,49.33824041000001,10.6951473,25,171.3938569,15,0.0035384488593613274,30,414.13378850000004,30,32.885534500000006,22.564155500000005,1
Llama-2-7b-hf,42,intuitive_first,Wisconsin,Madison,Milwaukee,1.940140845,44.15848130188243,65.2503618730266,25,3.5455213,1.0,-1.4382,1.8863372999999999,144.18141948,11,10.133641761312637,21,224.97637850999996,20,67.30213339,4.939425499999999,20,171.3938569,15,0.0035384488593613274,30,414.13378850000004,30,32.885534500000006,22.564155500000005,1
Llama-2-13b-hf,1,correct_first,Australia,Canberra,Sydney,10.86749482,74.11979695682471,90.07738566857574,27,2.4823024,1.0,-0.76458216,2.65182204,146.57737407599998,14,10.128015068557414,31,302.54723952,27,72.61855298,87.31980085000001,27,177.06120072000002,16,0.006345792921719665,10,517.6803004999999,38,23.551896999999997,34.038000999999994,10
Llama-2-13b-hf,1,intuitive_first,Australia,Canberra,Sydney,10.86749482,70.76154660418882,99.93677883767009,27,2.0966642,1.0,-0.5036416,3.4024314,158.028335405,14,11.707758485207552,28,280.21800977,27,80.01471313,81.73501723,27,177.06120072000002,16,0.006345792921719665,10,517.6803004999999,38,23.551896999999997,34.038000999999994,10
Llama-2-13b-hf,2,correct_first,Brazil,Brasilia,Rio de Janeiro,2.790180361,24.63759420539775,65.08827474528202,22,1.3299792,1.0,-0.23027103,4.17980197,169.27357793,14,16.873251110845843,23,237.27304127699998,16,94.093039423,10.579513500000003,11,177.06120072000002,16,0.008652576738507603,23,505.430208,38,23.348060499999995,5.318345000000001,10
Llama-2-13b-hf,2,intuitive_first,Brazil,Brasilia,Rio de Janeiro,2.790180361,27.379912336746653,65.61481723087353,22,1.399586,1.0,-0.24318455,3.9748878499999996,176.79478319,18,17.487544950609774,22,226.66202127799997,15,92.47765732200003,11.394701,11,177.06120072000002,16,0.008652576738507603,23,505.430208,38,23.348060499999995,5.318345000000001,10
Llama-2-13b-hf,3,correct_first,Canada,Ottawa,Toronto,4.430716724,18.56029917955052,80.26659944834464,27,2.7893946,1.0,-0.780233,3.9911630000000002,155.34501984000002,14,17.95479810570437,22,200.6958422585,15,107.2999946415,9.258220099999997,27,177.06120072000002,16,0.04959172578511761,35,456.152246,0,52.019452000000015,3.3023489999999978,2
Llama-2-13b-hf,3,intuitive_first,Canada,Ottawa,Toronto,4.430716724,17.996070594137542,79.29543938431986,27,2.94124,1.0,-0.82893395,3.99106405,162.238361159,14,17.964690928962952,22,194.0741788715,15,109.7088051285,8.288114999999998,27,177.06120072000002,16,0.04959172578511761,35,456.152246,0,52.019452000000015,3.3023489999999978,2
Llama-2-13b-hf,4,correct_first,India,New Delhi,Mumbai,107.2815534,35.868744614582404,86.09326686974926,20,3.0691721,1.0,-1.1880801,4.1802069,155.640802564,14,4.818597894400657,38,362.9786181,16,153.3473175,11.497199500000002,20,177.06120072000002,16,0.029736652956084176,36,537.745182,38,31.857596000000008,3.5156055000000013,31
Llama-2-13b-hf,4,intuitive_first,India,New Delhi,Mumbai,107.2815534,33.996534947167184,83.21820891171835,31,3.1344318,1.0,-1.045463,4.2605678000000005,167.13959045000001,14,5.778837967183273,32,352.8256441,16,147.88564939999998,11.377282499999996,20,177.06120072000002,16,0.029736652956084176,36,537.745182,38,31.857596000000008,3.5156055000000013,31
Llama-2-13b-hf,5,correct_first,Morrocco,Rabat,Marrakesh,0.5371287129,44.027646062308676,92.48418040965585,23,3.6725972,1.0,-1.2663373,1.8960439,183.12463986,14,11.959591240002199,27,296.50698493,23,133.82271036999998,18.674854000000003,23,177.06120072000002,16,0.00590749917664753,30,519.811597,38,45.3785485,8.145743000000003,6
Llama-2-13b-hf,5,intuitive_first,Morrocco,Rabat,Marrakesh,0.5371287129,40.05761044325129,86.55536616015473,23,3.4060547,1.0,-0.96643376,2.8583040399999997,195.7639015,14,12.003432318370214,28,285.80670928999996,23,121.97743120999998,17.856273500000004,23,177.06120072000002,16,0.00590749917664753,30,519.811597,38,45.3785485,8.145743000000003,6
Llama-2-13b-hf,6,correct_first,New Zealand,Wellington,Auckland,3.997663551,58.94427590427189,113.56980851689687,32,3.7666442,1.0,-1.7040287,1.3885916999999999,152.72453703000002,14,12.898121407811344,27,302.04390540500003,26,192.83436129499998,4.525898499999997,26,177.06120072000002,16,0.023977782439340622,35,527.0962764999999,35,43.59100500000001,3.6647329999999982,5
Llama-2-13b-hf,6,intuitive_first,New Zealand,Wellington,Auckland,3.997663551,54.43866954954529,106.48215005909623,26,3.75204,1.0,-1.6067224,2.0890626,155.210848,14,12.81082876814625,27,305.702508676,26,184.806689024,4.344747000000002,26,177.06120072000002,16,0.023977782439340622,35,527.0962764999999,35,43.59100500000001,3.6647329999999982,5
Llama-2-13b-hf,7,correct_first,Pakistan,Islamabad,Karachi,13.92307692,56.272598620035694,94.9256411443704,25,3.4428055,1.0,-1.1574522,2.1982429999999997,172.82976990999998,14,11.020329706942738,30,280.64314919000003,25,83.54490291,21.814897500000004,25,177.06120072000002,16,0.017951179639239857,18,476.5165395,38,26.841121499999996,20.296606499999996,12
Llama-2-13b-hf,7,intuitive_first,Pakistan,Islamabad,Karachi,13.92307692,55.39668485972483,98.38512613032377,25,3.2388778,1.0,-0.91100353,2.75276187,180.03296883,14,13.516007949897043,26,266.99494524,25,87.15623345999998,20.521667200000003,25,177.06120072000002,16,0.017951179639239857,18,476.5165395,38,26.841121499999996,20.296606499999996,12
Llama-2-13b-hf,8,correct_first,South Africa,Pretoria,Johannesburg,2.133333333,115.12573459858083,101.28259581993014,34,3.825779,1.0,-1.8122948,2.7171747,169.18568258,14,3.387218319334592,37,457.83350139999993,34,23.424331100000003,199.66285499500003,34,177.06120072000002,16,0.01429436799981128,37,571.129349,37,9.378985,62.46986600000001,37
Llama-2-13b-hf,8,intuitive_first,South Africa,Pretoria,Johannesburg,2.133333333,113.20896218776103,105.09283558514954,33,3.5657663,1.0,-1.3680555,4.160569000000001,170.56626664,14,4.667062875390893,35,453.78725000000003,34,28.010363000000005,209.89705431300004,34,177.06120072000002,16,0.01429436799981128,37,571.129349,37,9.378985,62.46986600000001,37
Llama-2-13b-hf,9,correct_first,Switzerland,Bern,Zurich,3.247767857,47.253676609250384,75.37176603619432,37,3.7816968,0.5,-2.082823,1.6933031,167.59593146999998,14,8.019683364834378,37,296.0634588,22,48.28976999999999,51.3706052,37,177.06120072000002,16,0.014820251307300164,23,508.6840920000001,38,8.001584999999999,19.220401999999993,7
Llama-2-13b-hf,9,intuitive_first,Switzerland,Bern,Zurich,3.247767857,45.56582800466819,75.89669049373477,37,3.7181196,0.5,-2.0518231,2.6512366,167.36854135,14,5.573113076083404,33,308.17146379999997,16,48.1008676,58.811353999999994,37,177.06120072000002,16,0.014820251307300164,23,508.6840920000001,38,8.001584999999999,19.220401999999993,7
Llama-2-13b-hf,10,correct_first,Turkey,Ankara,Istanbul,2.926126126,97.16319495710555,81.65495995471704,34,2.9689784,1.0,-0.8998585,1.6172236999999998,182.02567000000002,14,4.857073377519293,35,367.95333419,34,14.31661961,153.03037153000002,34,177.06120072000002,16,0.006282240900600407,37,516.8463370000001,38,2.3574079999999995,53.984932000000015,37
Llama-2-13b-hf,10,intuitive_first,Turkey,Ankara,Istanbul,2.926126126,89.96477851951445,96.59341300612674,34,2.801314,1.0,-0.7249744,2.7186899,188.83143735,14,5.383075441109719,34,355.71738738600004,34,25.768725914,140.90816572999998,34,177.06120072000002,16,0.006282240900600407,37,516.8463370000001,38,2.3574079999999995,53.984932000000015,37
Llama-2-13b-hf,11,correct_first,United Arab Emirates,Abu Dhabi,Dubai,1.9375,66.32933409184113,83.28940880780057,33,3.1120894,1.0,-0.9916891,2.5874292000000003,160.11610337999997,14,7.887201310179855,33,342.595699611,27,36.294780889,87.11570696000001,33,177.06119249,16,0.008366327712185505,37,526.410222,14,39.4094245,8.551457499999998,14
Llama-2-13b-hf,11,intuitive_first,United Arab Emirates,Abu Dhabi,Dubai,1.9375,56.11152957049032,84.21707745455328,33,2.9133232,1.0,-0.8764251,3.7381565,159.71531065,14,8.053148900705185,33,341.561575714,27,46.156644086,85.93568110000001,33,177.06119249,16,0.008366327712185505,37,526.410222,14,39.4094245,8.551457499999998,14
Llama-2-13b-hf,12,correct_first,Alabama,Montgomery,Birmingham,1.010416667,44.91777259867945,92.673946951678,31,3.058723,1.0,-0.8595419,2.4502907,183.78408265000002,14,9.583788728769019,31,307.54960500000004,27,125.95318289999999,9.286485500000001,8,177.06120072000002,16,0.003157477417287131,33,541.6987295,38,17.991406999999995,19.727897500000005,1
Llama-2-13b-hf,12,intuitive_first,Alabama,Montgomery,Birmingham,1.010416667,42.134535951841016,96.09425594836136,31,2.7996917,1.0,-0.6913471,3.2801972,189.8116843,14,9.794670593487862,31,300.54316821,23,136.42044119000002,10.4557315,8,177.06120072000002,16,0.003157477417287131,33,541.6987295,38,17.991406999999995,19.727897500000005,1
Llama-2-13b-hf,13,correct_first,Alaska,Juneau,Anchorage,9.099678457,47.48058060087154,50.425018943924336,37,3.3744166,1.0,-1.1913235,2.2091522,171.73217992,14,2.64113229745066,37,400.273999,37,18.730464599999998,13.702557100000002,37,177.06120072000002,16,0.0029498264684121567,7,541.903279,7,7.700906500000006,32.75784849999999,0
Llama-2-13b-hf,13,intuitive_first,Alaska,Juneau,Anchorage,9.099678457,50.92568424444437,53.61593389572511,37,3.3349483,1.0,-1.1820517,2.5107688,174.45421477999997,14,2.5066141040908128,37,403.9448983,37,16.9418778,18.483604699999997,37,177.06120072000002,16,0.0029498264684121567,7,541.903279,7,7.700906500000006,32.75784849999999,0
Llama-2-13b-hf,14,correct_first,California,Sacramento,Los Angeles,7.210626186,26.178030097995368,86.2294376105849,26,2.641227,1.0,-0.6920628,4.427723200000001,159.180467808,14,16.273532468561008,24,226.6759276411,15,116.50605205890002,33.154410399999996,27,177.06120072000002,16,0.007040554800454796,35,511.75521000000003,3,26.292708999999995,9.065193499999998,3
Llama-2-13b-hf,14,intuitive_first,California,Sacramento,Los Angeles,7.210626186,20.771285046708908,125.06372140900052,24,1.5058987,1.0,-0.28442535,6.81832965,157.4874517582,15,18.72865953501651,21,218.39681667685,20,179.44998912315,28.151003000000003,24,177.06120072000002,16,0.007040554800454796,35,511.75521000000003,3,26.292708999999995,9.065193499999998,3
Llama-2-13b-hf,15,correct_first,Connecticut,Hartford,Bridgeport,1.243697479,26.942307382776285,94.68403253086974,31,3.7380905,1.0,-1.454038,4.750969,177.26524603000001,14,13.827508132595847,26,285.64868073,20,182.02232467000002,1.3899919999999995,20,177.06120072000002,16,0.015707175985446326,16,483.792475,7,76.25179150000001,2.983236999999999,15
Llama-2-13b-hf,15,intuitive_first,Connecticut,Hartford,Bridgeport,1.243697479,26.969880736155933,99.09804677423445,31,3.4284432,1.0,-1.0741408,5.2741115,182.9026991,14,14.546295430537118,26,272.19840403,20,186.28893806999997,1.8551999999999982,20,177.06120072000002,16,0.015707175985446326,16,483.792475,7,76.25179150000001,2.983236999999999,15
Llama-2-13b-hf,16,correct_first,Delaware,Dover,Wilmington,1.791563275,73.57451007919234,85.60876954285992,34,3.4841352,1.0,-1.3879141,1.7299548999999999,188.87122789999998,18,4.374986322513994,35,394.15114638,34,29.157662020000004,58.036389799999995,34,177.06120072000002,16,0.019195930313574416,37,531.1994395,37,54.06734399999999,4.086814499999999,21
Llama-2-13b-hf,16,intuitive_first,Delaware,Dover,Wilmington,1.791563275,73.53742035991144,78.08500578181338,35,3.5316482,1.0,-1.4385027,1.6844312000000001,191.3771479,18,3.562674877323411,35,398.14868027,35,24.741729229999997,64.9357435,35,177.06120072000002,16,0.019195930313574416,37,531.1994395,37,54.06734399999999,4.086814499999999,21
Llama-2-13b-hf,17,correct_first,Florida,Tallahassee,Jacksonville,4.917073171,60.89481778664786,124.95430036148915,33,2.8666995,1.0,-0.77975476,5.01905824,170.41109905500002,14,5.497167828106802,34,410.093826915,33,53.180421384999995,77.24805629999999,33,177.06119492,16,0.018039256047672377,37,532.0897170000001,37,35.043376,3.6167514999999995,37
Llama-2-13b-hf,17,intuitive_first,Florida,Tallahassee,Jacksonville,4.917073171,57.45933215400398,134.42546521122387,33,2.1972103,1.0,-0.49834797,6.34105103,173.572699676,14,5.812445034205167,34,388.07840784,33,64.83401426,56.618363599999995,33,177.06119492,16,0.018039256047672377,37,532.0897170000001,37,35.043376,3.6167514999999995,37
Llama-2-13b-hf,18,correct_first,Illinois,Springfield,Chicago,23.53153153,66.36429609332939,80.04958206424965,25,3.382641,1.0,-1.0862473,2.0591289,188.53794589999998,18,7.954383790339389,37,317.49874046,25,31.55613614,102.91143811000002,25,177.06120072000002,16,0.003883084914218597,35,545.7160900000001,0,30.952005,3.1163679999999996,3
Llama-2-13b-hf,18,intuitive_first,Illinois,Springfield,Chicago,23.53153153,59.29843047751233,91.73971622138265,25,2.9619322,1.0,-0.81095594,3.2299566600000005,187.0287093,18,8.265437444982854,37,310.5417023,20,50.0810178,76.69698110000002,25,177.06120072000002,16,0.003883084914218597,35,545.7160900000001,0,30.952005,3.1163679999999996,3
Llama-2-13b-hf,19,correct_first,Kansas,Topeka,Wichita,3.16,50.430130661225704,94.68460356008097,35,3.1032534,1.0,-0.9262385,1.9622335000000002,164.24697394,14,5.840830284254432,35,353.97598027600003,33,110.343448224,4.517473999999998,35,177.06120072000002,16,0.003080895023578543,37,559.760939,32,11.826200999999992,27.129453500000004,5
Llama-2-13b-hf,19,intuitive_first,Kansas,Topeka,Wichita,3.16,47.25815736715612,99.42463083900752,35,2.276134,1.0,-0.5153763,2.7517844,174.31285212,14,6.623829966564269,35,333.880085011,33,124.25987728900002,4.458371000000001,35,177.06120072000002,16,0.003080895023578543,37,559.760939,32,11.826200999999992,27.129453500000004,5
Llama-2-13b-hf,20,correct_first,Kentucky,Frankfort,Louisville,21.95729537,62.8922651706861,59.61723702891318,26,3.4066198,1.0,-1.2420356,1.5872374000000002,187.84804250000002,14,3.0036026612273083,38,396.9797639,26,6.8436016,95.71109010000004,37,177.06120072000002,16,0.0012332564550393958,32,582.0206794999999,38,1.0285054999999996,84.03209749999998,12
Llama-2-13b-hf,20,intuitive_first,Kentucky,Frankfort,Louisville,21.95729537,50.540292998045416,76.41427997717818,26,2.3393123,1.0,-0.5261954,3.7143136000000005,193.30714310000002,14,6.745149492218065,37,362.7362033,26,21.366232400000005,75.74942119999999,26,177.06120072000002,16,0.0012332564550393958,32,582.0206794999999,38,1.0285054999999996,84.03209749999998,12
Llama-2-13b-hf,21,correct_first,Louisiana,Baton Rouge,New Orleans,1.63255814,34.68119840508113,63.620862503487814,25,3.0348573,1.0,-0.883424,1.3881388,194.0349412,14,13.00652639309975,27,270.83501713,20,92.87445266999998,5.986135500000001,23,177.06119492,16,0.0017073885157098507,36,590.5869594999999,6,4.8134005,57.655178000000014,6
Llama-2-13b-hf,21,intuitive_first,Louisiana,Baton Rouge,New Orleans,1.63255814,30.81772391698259,83.77749249432344,27,1.9122105,1.0,-0.3808303,3.2206364,176.38101352,15,13.419685950900348,27,274.91906817,20,121.80676153,6.860503999999999,22,177.06119492,16,0.0017073885157098507,36,590.5869594999999,6,4.8134005,57.655178000000014,6
Llama-2-13b-hf,22,correct_first,Maine,Augusta,Portland,3.619791667,61.59817368797776,64.91107383405259,37,2.8683186,1.0,-0.76670814,2.32279386,183.25190299999997,14,2.5360835255931256,37,372.11665211,37,32.78993699000001,72.3190929,37,177.06120072000002,16,0.004597490896158945,0,524.7234405,7,19.236337,44.131542,7
Llama-2-13b-hf,22,intuitive_first,Maine,Augusta,Portland,3.619791667,59.18579711311128,69.76792552575179,37,2.8042178,1.0,-0.7041099,3.0964650999999996,185.42893175,14,2.427200642873072,37,372.53983658000004,37,33.44094532,60.82739640000001,37,177.06120072000002,16,0.004597490896158945,0,524.7234405,7,19.236337,44.131542,7
Llama-2-13b-hf,23,correct_first,Maryland,Annapolis,Baltimore,13.72208437,75.82250213584621,77.04509256480044,35,3.2540793,1.0,-1.0707456,2.5584468,182.64141853,14,8.824275692073197,31,322.8691294,27,45.883349900000006,106.67551374,27,177.06120072000002,16,0.006934611162329645,0,515.317967,0,32.26512749999999,10.746413,0
Llama-2-13b-hf,23,intuitive_first,Maryland,Annapolis,Baltimore,13.72208437,68.07474538434565,79.57912589145306,35,3.1768463,1.0,-0.965222,3.229743,186.69179756,14,9.440628233042089,31,307.9689047,27,51.0135802,82.11227154000001,27,177.06120072000002,16,0.006934611162329645,0,515.317967,0,32.26512749999999,10.746413,0
Llama-2-13b-hf,24,correct_first,Michigan,Lansing,Detroit,5.625,102.90573613618588,102.0722468878239,35,3.038513,1.0,-0.9629178,2.0694637,174.09405271,18,4.461694686611334,35,400.70758446,34,46.017050739999995,162.42982146,35,177.06120072000002,16,0.013335013056352367,37,548.4063229999999,37,9.241127,40.93258349999999,37
Llama-2-13b-hf,24,intuitive_first,Michigan,Lansing,Detroit,5.625,93.91855734045791,115.53674444859891,35,2.2014744,1.0,-0.5164307,3.3971357,175.71594733,18,4.767423024550472,35,382.104304167,33,51.783777833,136.17146693,35,177.06120072000002,16,0.013335013056352367,37,548.4063229999999,37,9.241127,40.93258349999999,37
Llama-2-13b-hf,25,correct_first,Minnesota,St. Paul,Minneapolis,1.408026756,75.36813923665966,52.203621914863135,35,3.396604,1.0,-1.5961314,1.9524202000000002,172.28076202,18,2.435357027217413,38,430.7680281,35,8.3109628,123.24245919999998,35,177.06120072000002,16,0.018642805435121042,37,504.66392299999995,38,47.3770145,7.227084999999997,9
Llama-2-13b-hf,25,intuitive_first,Minnesota,St. Paul,Minneapolis,1.408026756,77.0529666603102,51.61589119304926,35,3.45453,1.0,-1.7496489,2.1004021,167.60684822000002,18,2.292975486540872,38,438.5886565,35,7.5976368,121.31922069999999,35,177.06120072000002,16,0.018642805435121042,37,504.66392299999995,38,47.3770145,7.227084999999997,9
Llama-2-13b-hf,26,correct_first,Montana,Helena,Billings,3.426183844,45.27890026790724,97.02262078729449,33,3.8611212,1.0,-1.5908041,2.0686589,184.88743554,14,7.198990273816356,38,334.2681149,24,82.77528680000002,13.564642000000003,24,177.06120072000002,16,0.006980953176989924,4,525.990967,35,71.70102099999998,6.5502884999999935,10
Llama-2-13b-hf,26,intuitive_first,Montana,Helena,Billings,3.426183844,38.07604076749803,101.81775172524291,33,3.4633348,1.0,-1.119783,3.2600620000000005,192.88882939,14,8.57556706324482,33,320.210686404,24,101.53286229600002,11.7159015,24,177.06120072000002,16,0.006980953176989924,4,525.990967,35,71.70102099999998,6.5502884999999935,10
Llama-2-13b-hf,27,correct_first,Nebraska,Lincoln,Omaha,1.606060606,65.2213563894909,95.1289479637156,24,3.2012665,1.0,-1.0649109,1.6241875000000001,175.46434363999998,14,5.349495216705972,38,323.31173839999997,20,129.6904853,15.4369673,18,177.06120072000002,16,0.010177180031631414,14,497.3624195,38,68.36802449999999,9.460551,1
Llama-2-13b-hf,27,intuitive_first,Nebraska,Lincoln,Omaha,1.606060606,75.06995186395193,94.04453750542761,24,3.28553,1.0,-1.1969723,0.9972954,179.92373974,14,5.9641997467968535,38,325.7047313,20,117.22475400000002,18.686386799999998,18,177.06120072000002,16,0.010177180031631414,14,497.3624195,38,68.36802449999999,9.460551,1
Llama-2-13b-hf,28,correct_first,Nevada,Carson City,Las Vegas,11.63194444,68.44379774110647,127.40857062982093,33,2.5289648,1.0,-0.6100945,3.8091985,176.54661370000002,18,8.307447363478696,33,300.044274377,22,48.132875422999994,34.5080339,33,177.06120072000002,16,0.013274861191093574,37,490.63954249999995,35,5.966378500000001,31.008130499999993,9
Llama-2-13b-hf,28,intuitive_first,Nevada,Carson City,Las Vegas,11.63194444,66.48282964246869,136.72993377883037,33,2.1206658,1.0,-0.45689946,4.68637654,169.27885518,15,8.719147313922303,33,296.389998768,22,65.930016332,21.5512473,33,177.06120072000002,16,0.013274861191093574,37,490.63954249999995,35,5.966378500000001,31.008130499999993,9
Llama-2-13b-hf,29,correct_first,New Hampshire,Concord,Manchester,2.561247216,44.390008195977614,83.32939990296207,32,3.315869,1.0,-1.0437417,3.1445353000000003,184.964806,14,6.616032976319584,34,347.30095752,22,51.865648379999996,19.910191400000006,32,177.06120072000002,16,0.0025319316871306426,37,595.849632,38,0.0,111.20519649999999,9
Llama-2-13b-hf,29,intuitive_first,New Hampshire,Concord,Manchester,2.561247216,47.95403687985843,82.74902031592745,32,3.156734,1.0,-0.9162506,3.2252064,190.76815369999997,14,6.16918802363843,35,342.98278026,22,50.07539533999999,18.8954793,32,177.06120072000002,16,0.0025319316871306426,37,595.849632,38,0.0,111.20519649999999,9
Llama-2-13b-hf,30,correct_first,New Jersey,Trenton,Newark,3.407572383,49.99481739999627,86.50315284771003,35,3.1454268,1.0,-0.9445162,3.919568,179.75786896,14,7.60869103059636,35,350.76112252999997,22,62.32060296999999,57.089857800000004,27,177.06120072000002,16,0.0077706712093826395,0,498.95575399999996,38,61.15892900000001,22.369501000000007,9
Llama-2-13b-hf,30,intuitive_first,New Jersey,Trenton,Newark,3.407572383,51.45161724445955,96.67636735730382,22,2.5396686,1.0,-0.61660993,4.47180567,179.24096741,14,8.293209276104863,35,337.59290777999996,22,70.61792231999999,45.2457719,22,177.06120072000002,16,0.0077706712093826395,0,498.95575399999996,38,61.15892900000001,22.369501000000007,9
Llama-2-13b-hf,31,correct_first,New Mexico,Santa Fe,Albuquerque,6.182019978,44.96554001919885,108.50798264228104,24,2.8286495,1.0,-0.7581339,2.4109659,172.79657615,14,14.838091876458355,25,250.44140572799998,20,156.455016872,16.828903500000003,20,177.06120072000002,16,0.0020592941299537398,38,583.7366925,38,0.6686439999999987,48.52471600000002,10
Llama-2-13b-hf,31,intuitive_first,New Mexico,Santa Fe,Albuquerque,6.182019978,48.030252723748426,105.16438795005752,24,3.0209324,1.0,-0.8819729,2.1584491,173.6219906,14,14.326776119633141,25,255.239332278,20,150.047823722,16.1062195,20,177.06120072000002,16,0.0020592941299537398,38,583.7366925,38,0.6686439999999987,48.52471600000002,10
Llama-2-13b-hf,32,correct_first,New York,Albany,New York,77.05825243,32.3573080217718,89.82558188256844,27,1.5077322,1.0,-0.2775523,3.1888877,176.520687457,25,16.78122576067565,23,210.1591164544,16,153.23772574559996,0.0,27,177.06120072000002,16,0.013533624292514673,25,503.846533,2,48.639875999999994,14.741227000000002,19
Llama-2-13b-hf,32,intuitive_first,New York,Albany,New York,77.05825243,29.43973597129967,100.85192351677763,27,1.6895831,1.0,-0.31584853,3.8600224699999997,168.78567446149998,14,17.539342270661194,22,208.7902418064,15,182.3696384936,0.0,27,177.06120072000002,16,0.013533624292514673,25,503.846533,2,48.639875999999994,14.741227000000002,19
Llama-2-13b-hf,33,correct_first,North Carolina,Raleigh,Charlotte,1.892712551,87.93694314179602,104.86546360809342,35,3.1211083,1.0,-0.9506122,3.8171928,195.86142940000002,14,4.863473164263186,35,373.40656283,34,47.211057970000006,111.5608239,35,177.06120072000002,16,0.016290124563892693,37,514.9949695,7,10.987791000000001,26.557281000000003,37
Llama-2-13b-hf,33,intuitive_first,North Carolina,Raleigh,Charlotte,1.892712551,90.65810628420088,105.93498838164075,35,2.7741008,1.0,-0.70187336,4.148364040000001,202.80217520000002,18,5.06665693267942,35,368.71931531999996,32,46.07773268000001,117.69780460999999,35,177.06120072000002,16,0.016290124563892693,37,514.9949695,7,10.987791000000001,26.557281000000003,37
Llama-2-13b-hf,34,correct_first,North Dakota,Bismarck,Fargo,1.815789474,21.622782695135502,70.06215701633174,34,2.6535563,1.0,-0.7304107,3.2493999999999996,171.16315773,14,5.2535161212195085,35,354.17551662000005,34,99.00718488000001,1.9523244999999996,15,177.06119492,16,0.015149653572558866,37,539.9622274999999,38,30.117160000000013,5.195757000000002,7
Llama-2-13b-hf,34,intuitive_first,North Dakota,Bismarck,Fargo,1.815789474,26.548518787743316,72.0257990243087,35,1.9907124,1.0,-0.44421494,3.90276306,176.93055063000003,14,5.352749436677738,35,348.5420255,35,90.87573330000001,1.8706855000000022,35,177.06119492,16,0.015149653572558866,37,539.9622274999999,38,30.117160000000013,5.195757000000002,7
Llama-2-13b-hf,35,correct_first,Oregon,Salem,Portland,3.45505618,93.10051855777756,105.72760645200162,34,3.0860527,1.0,-1.0228472,2.47933,182.33554492,18,5.275028471197611,34,410.29041125,34,28.493024249999998,135.5140083,34,177.06120072000002,16,0.009443483490571834,37,555.291414,37,6.9965399999999995,62.45971850000001,37
Llama-2-13b-hf,35,intuitive_first,Oregon,Salem,Portland,3.45505618,71.9372526681253,114.10191530779558,34,2.56083,1.0,-0.7203976,3.7545003999999995,173.227983,18,5.612002671771712,34,378.468849762,34,36.629495538,76.67610570000001,34,177.06120072000002,16,0.009443483490571834,37,555.291414,37,6.9965399999999995,62.45971850000001,37
Llama-2-13b-hf,36,correct_first,Pennsylvania,Harrisburg,Philadelphia,30.34,54.468505635512585,92.55803380546588,24,3.190887,1.0,-1.0277779,2.5400047,179.05427205,14,12.102978952682177,27,279.4896950465,24,45.7496777535,53.54093214,24,177.06120072000002,16,0.02607919446218529,16,471.042035,38,43.94697250000001,4.779697499999999,7
Llama-2-13b-hf,36,intuitive_first,Pennsylvania,Harrisburg,Philadelphia,30.34,48.416445223884416,115.81938417552908,24,2.9692097,1.0,-0.8526171,3.9335949,178.52813317200003,18,14.145188010432904,25,267.30188331579996,24,82.4707850842,35.106075700000005,24,177.06120072000002,16,0.02607919446218529,16,471.042035,38,43.94697250000001,4.779697499999999,7
Llama-2-13b-hf,37,correct_first,South Dakota,Pierre,Sioux Falls,15.57971014,45.38532443214514,91.93528483439559,26,3.748027,1.0,-1.4990587,2.5523273,186.80556080999997,18,11.702217953980236,38,250.30438475,23,150.97354864999997,9.7375105,26,177.06120072000002,16,0.015097037556826006,9,487.17067099999997,38,43.565529999999995,6.3831504999999975,18
Llama-2-13b-hf,37,intuitive_first,South Dakota,Pierre,Sioux Falls,15.57971014,58.89653131153932,98.97610504126375,26,2.989059,1.0,-0.8173478,2.7308769,185.41925910999998,18,11.618302362409251,38,255.05147551000002,20,127.31577128999999,8.773930500000002,26,177.06120072000002,16,0.015097037556826006,9,487.17067099999997,38,43.565529999999995,6.3831504999999975,18
Llama-2-13b-hf,38,correct_first,Texas,Austin,Houston,2.349848332,15.755754440072483,76.49287212229041,35,2.7456079,1.0,-0.70399976,4.2505662399999995,159.23104405099997,14,17.715060270327832,22,201.99920437199998,15,126.751359628,0.4252805999999998,1,177.06120072000002,16,0.03862825518043521,31,479.81488449999995,38,51.72419699999999,0.7872339999999998,0
Llama-2-13b-hf,38,intuitive_first,Texas,Austin,Houston,2.349848332,15.196261940149153,88.09448780864867,35,2.3133616,1.0,-0.50059295,4.663913050000001,159.3123066,14,18.886356045892356,21,198.7225061268,15,145.8604915732,0.1516220000000006,20,177.06120072000002,16,0.03862825518043521,31,479.81488449999995,38,51.72419699999999,0.7872339999999998,0
Llama-2-13b-hf,39,correct_first,Vermont,Montpelier,Burlington,5.620253165,60.78149881946207,91.575353545445,23,2.786628,1.0,-0.83089775,2.05866625,172.96636110000003,15,5.515239991859502,38,320.74192414999993,23,71.11256365000003,16.984056000000002,23,177.06120072000002,16,0.003157477417287131,33,541.6987295,38,32.7450175,1.7987015000000017,0
Llama-2-13b-hf,39,intuitive_first,Vermont,Montpelier,Burlington,5.620253165,54.68378724906686,89.7590470130478,23,2.474357,1.0,-0.6193664,2.5467986,180.06744441,18,8.191222301711106,34,298.78209641,23,77.93315429000002,13.099814000000002,23,177.06120072000002,16,0.003157477417287131,33,541.6987295,38,32.7450175,1.7987015000000017,0
Llama-2-13b-hf,40,correct_first,Virginia,Richmond,Virginia Beach,1.948051948,29.795130162380154,51.33938415921551,36,3.4706752,1.0,-1.1131952,3.2642281000000004,186.0577376,14,13.162442750626647,25,252.51917877,20,51.175072670000006,6.10340895,1,177.06120072000002,16,0.04260220795987475,12,452.31270249999994,38,141.2904475,0.0,7
Llama-2-13b-hf,40,intuitive_first,Virginia,Richmond,Virginia Beach,1.948051948,28.526258242197592,52.47998242517804,36,3.1272078,1.0,-0.9064062,3.4989767999999994,183.57799904,14,14.142027854085583,25,247.2109279,20,51.405259449999996,7.136341500000004,1,177.06120072000002,16,0.04260220795987475,12,452.31270249999994,38,141.2904475,0.0,7
Llama-2-13b-hf,41,correct_first,Washington,Olympia,Seattle,13.70967742,53.72404848576306,105.15228188948879,25,1.6797844,1.0,-0.33570108,4.82605352,155.7057924046,14,14.288020901297582,26,244.68302422194,25,116.81826737806,41.060494,25,177.06120072000002,16,0.008703641705475367,13,502.83153649999997,0,11.634350500000002,29.626558000000003,16
Llama-2-13b-hf,41,intuitive_first,Washington,Olympia,Seattle,13.70967742,46.03088105158444,111.7614372973191,25,1.7554,1.0,-0.36154595,5.19665705,162.2274426866,14,15.02282786840698,25,228.6220460348,16,134.6465204652,17.614100800000003,25,177.06120072000002,16,0.008703641705475367,13,502.83153649999997,0,11.634350500000002,29.626558000000003,16
Llama-2-13b-hf,42,correct_first,Wisconsin,Madison,Milwaukee,1.940140845,26.756274602075575,84.57547239061225,33,3.0788174,1.0,-0.9850088,3.5387972000000003,168.50050412000002,14,8.262765176525765,33,267.878162572,22,117.39385042800002,0.0,33,177.06120072000002,16,0.0023712795256133927,37,558.443297,3,61.67787949999999,3.6192215,3
Llama-2-13b-hf,42,intuitive_first,Wisconsin,Madison,Milwaukee,1.940140845,25.456651164400427,90.9308051097383,33,2.963688,1.0,-0.87691593,3.9167938700000002,173.26445912,14,9.045785621178734,33,256.15440482400004,22,130.874289676,0.0,33,177.06120072000002,16,0.0023712795256133927,37,558.443297,3,61.67787949999999,3.6192215,3
Llama-2-70b-hf,1,correct_first,Australia,Canberra,Sydney,10.86749482,84.63186892001727,258.3012530337701,55,1.4848844,1.0,-0.26706266,3.40301414,411.23385081749996,40,28.667795383833592,53,540.1770504134801,41,188.57980848652008,132.78692901999997,55,385.95870492,37,0.017124252887756576,77,1014.6635455,78,17.760074999999993,52.74270799999999,5
Llama-2-70b-hf,1,intuitive_first,Australia,Canberra,Sydney,10.86749482,88.07211855846232,230.25007645389408,55,1.4229505,1.0,-0.26522923,2.90268997,392.8744392941,37,28.596142196615475,54,542.0757202432139,39,149.96521065678604,146.74397633999996,55,385.95870492,37,0.017124252887756576,77,1014.6635455,78,17.760074999999993,52.74270799999999,5
Llama-2-70b-hf,2,correct_first,Brazil,Brasilia,Rio de Janeiro,2.790180361,76.03594105889054,148.4854277987627,51,2.0465286,1.0,-0.43875077,3.71929823,400.4034287,40,36.60721037618427,43,405.32581334400004,39,243.08717605600003,33.13436179999999,43,385.95870492,37,0.025879265719318097,7,927.4815120000001,78,93.96800250000004,1.9862214999999992,3
Llama-2-70b-hf,2,intuitive_first,Brazil,Brasilia,Rio de Janeiro,2.790180361,79.38118461880435,124.38499508807425,43,2.5483575,1.0,-0.7091698,2.7930412000000002,405.55353308,40,36.530978496579465,43,410.10134813499997,41,163.66932266500004,33.2173055,43,385.95870492,37,0.025879265719318097,7,927.4815120000001,78,93.96800250000004,1.9862214999999992,3
Llama-2-70b-hf,3,correct_first,Canada,Ottawa,Toronto,4.430716724,50.049156336062076,212.41151434683252,50,1.6813217,1.0,-0.30713105,4.03798845,384.52152317654,43,37.687913360881325,42,521.365587380232,39,366.626095119768,73.28650479999997,47,385.95870492,37,0.04510756246027635,39,887.0351395,78,137.63475599999998,0.0,4
Llama-2-70b-hf,3,intuitive_first,Canada,Ottawa,Toronto,4.430716724,47.624404938076424,201.1214148344121,50,1.5693233,1.0,-0.2894191,3.8825255,357.2074312792,37,38.25399002764501,41,517.513828901706,39,349.594837098294,77.90630109999996,50,385.95870492,37,0.04510756246027635,39,887.0351395,78,137.63475599999998,0.0,4
Llama-2-70b-hf,4,correct_first,India,New Delhi,Mumbai,107.2815534,66.4114455830977,166.48304177888255,62,2.810046,1.0,-0.75056297,2.78455063,452.86709901999996,40,24.455545358464995,51,591.4445423625,51,337.6229039375,11.062600000000007,62,385.95870492,37,0.04458976390055089,73,1018.9842120000001,78,60.84847550000002,3.4237874999999995,4
Llama-2-70b-hf,4,intuitive_first,India,New Delhi,Mumbai,107.2815534,64.59547645828411,204.17746813834577,62,1.9530143,1.0,-0.3964141,4.2119295,447.808705867,40,25.110041381809587,51,580.1507242205,51,407.31040647949993,11.65493,62,385.95870492,37,0.04458976390055089,73,1018.9842120000001,78,60.84847550000002,3.4237874999999995,4
Llama-2-70b-hf,5,correct_first,Morrocco,Rabat,Marrakesh,0.5371287129,73.14364607636773,265.81641940406865,47,1.7594159,1.0,-0.32649073,4.03210467,357.1974793538001,31,32.43423780473037,47,507.06260989399505,41,459.45497000600506,1.597857999999997,47,385.95870492,37,0.06266812733587396,13,880.1757165,78,190.30889899999994,0.7261670000000002,11
Llama-2-70b-hf,5,intuitive_first,Morrocco,Rabat,Marrakesh,0.5371287129,73.3411290099414,241.03102504124473,47,2.2923055,1.0,-0.50404155,3.60923015,366.47964938309997,31,32.44554846423515,47,512.87988038115,41,421.3814034188501,1.7853425000000005,47,385.95870492,37,0.06266812733587396,13,880.1757165,78,190.30889899999994,0.7261670000000002,11
Llama-2-70b-hf,6,correct_first,New Zealand,Wellington,Auckland,3.997663551,92.68662333582752,337.2115810836263,66,1.6989568,1.0,-0.36375773,4.55745587,396.8195927764,40,33.77885616794404,46,459.02683888283,43,704.2466312171701,3.0911989999999996,66,385.95870492,37,0.07194165444469208,69,952.8172105000001,78,60.499166,6.665028000000001,12
Llama-2-70b-hf,6,intuitive_first,New Zealand,Wellington,Auckland,3.997663551,92.5807466578347,313.69221586348533,66,1.8963764,1.0,-0.47097942,4.24486808,393.8569644523999,40,32.97049129884022,47,464.09286326770996,43,681.2849000322899,3.4606594999999984,66,385.95870492,37,0.07194165444469208,69,952.8172105000001,78,60.499166,6.665028000000001,12
Llama-2-70b-hf,7,correct_first,Pakistan,Islamabad,Karachi,13.92307692,115.20457048945468,141.51695298153203,47,2.8799357,1.0,-0.7696999,2.6549881,420.6183696,40,30.80725138113051,49,488.158722221,43,163.407578279,1.7293129999999977,5,385.95870492,37,0.016389586771316772,78,967.903593,78,84.547513,7.858368499999997,5
Llama-2-70b-hf,7,intuitive_first,Pakistan,Islamabad,Karachi,13.92307692,118.1961086785566,135.17006347389054,47,2.6693883,1.0,-0.71773255,2.66717425,421.86422491,40,30.972632579897166,49,484.02045575200003,43,137.48000167799998,1.9187529999999988,5,385.95870492,37,0.016389586771316772,78,967.903593,78,84.547513,7.858368499999997,5
Llama-2-70b-hf,8,correct_first,South Africa,Pretoria,Johannesburg,2.133333333,175.66526001566587,201.6771713342919,75,3.3313785,0.5,-2.0471005,2.7414750999999997,385.746014272,39,10.155177513783814,72,886.8758166232001,66,45.5261701768,466.36769831200013,75,385.95870492,37,0.038319449507524174,76,1045.3753895,78,48.376253500000004,48.4641575,0
Llama-2-70b-hf,8,intuitive_first,South Africa,Pretoria,Johannesburg,2.133333333,200.64521589272226,194.41521858052252,75,3.3819742,0.5,-2.2753584,1.5107936999999998,381.564028518,39,8.002434780686206,73,958.3273489630001,66,27.677518637,545.3916628658998,75,385.95870492,37,0.038319449507524174,76,1045.3753895,78,48.376253500000004,48.4641575,0
Llama-2-70b-hf,9,correct_first,Switzerland,Bern,Zurich,3.247767857,76.30943879588679,181.97776897447284,53,2.9473135,1.0,-0.8742384,3.1470309000000003,403.05868239769995,40,31.60254597174449,49,471.59376901295,43,277.35940828705,20.266451099999998,53,385.95870492,37,0.01067375978606222,28,993.5111415,78,36.7173435,36.91998000000002,7
Llama-2-70b-hf,9,intuitive_first,Switzerland,Bern,Zurich,3.247767857,77.42005132822806,138.12279114320467,53,3.4377048,1.0,-1.4594837,1.8165663,406.539809058,40,31.11579340368947,49,480.1070920328,39,152.50386556720002,22.387046199999997,12,385.95870492,37,0.01067375978606222,28,993.5111415,78,36.7173435,36.91998000000002,7
Llama-2-70b-hf,10,correct_first,Turkey,Ankara,Istanbul,2.926126126,139.015297833283,253.88890653198135,49,1.9718139,1.0,-0.4087426,3.3895198,425.71732690205,44,27.137669258626723,49,553.10315866854,49,119.25130463146003,47.469054870000015,49,385.95870492,37,0.070357296478213,73,958.2777914999999,78,129.52627900000002,10.751728,1
Llama-2-70b-hf,10,intuitive_first,Turkey,Ankara,Istanbul,2.926126126,147.61293189235082,253.32859991760526,49,1.9444419,1.0,-0.43979865,3.18690585,411.09676012374,40,19.63500667982516,66,619.08466959715,49,90.23996236285,118.473013612,49,385.95870492,37,0.070357296478213,73,958.2777914999999,78,129.52627900000002,10.751728,1
Llama-2-70b-hf,11,correct_first,United Arab Emirates,Abu Dhabi,Dubai,1.9375,88.68087864000152,213.20172426349816,49,1.4049363,1.0,-0.27910283,4.83029557,397.47350632760003,45,31.71341923411415,50,426.913161404045,49,236.15928129595503,44.889998932999994,49,385.95866230999997,37,0.05213569512364109,76,912.156606,78,147.23439550000003,7.870117499999999,5
Llama-2-70b-hf,11,intuitive_first,United Arab Emirates,Abu Dhabi,Dubai,1.9375,88.33641665390428,210.22818007077547,73,1.2094679,1.0,-0.2296274,5.2105856,381.31291160135004,45,31.246133273498327,50,428.64834379673,49,245.10273460327,50.18541130199999,49,385.95866230999997,37,0.05213569512364109,76,912.156606,78,147.23439550000003,7.870117499999999,5
Llama-2-70b-hf,12,correct_first,Alabama,Montgomery,Birmingham,1.010416667,83.53185054068993,171.25547854016702,55,1.7831402,1.0,-0.3550793,3.4047602,423.00833308100005,40,29.04237956794511,51,536.816378812,47,349.364690588,3.4542090000000005,55,385.95870492,37,0.00816340485416336,77,1043.8709534999998,78,14.5842595,61.028396500000014,17
Llama-2-70b-hf,12,intuitive_first,Alabama,Montgomery,Birmingham,1.010416667,78.09073120464429,177.61158782432,55,1.4654005,1.0,-0.25803748,3.9468632199999996,413.883562277,44,29.362235609894967,51,526.3997428742,39,365.2789599258,3.914679000000003,55,385.95870492,37,0.00816340485416336,77,1043.8709534999998,78,14.5842595,61.028396500000014,17
Llama-2-70b-hf,13,correct_first,Alaska,Juneau,Anchorage,9.099678457,120.55652846744258,184.7505941347144,69,2.3677132,1.0,-0.61633366,2.82343774,436.13567328449994,40,28.061152799491662,51,645.607707180014,51,175.372739519986,52.756975100000005,69,385.95870492,37,0.01520856886492683,70,988.5134065,78,28.33031,58.56592500000001,10
Llama-2-70b-hf,13,intuitive_first,Alaska,Juneau,Anchorage,9.099678457,121.38914743112728,152.75889688647027,69,2.676516,1.0,-0.9201025,2.2327357,471.212700587,40,17.600076221981087,66,671.2486741536,51,105.2756947464,52.18978150000001,69,385.95870492,37,0.01520856886492683,70,988.5134065,78,28.33031,58.56592500000001,10
Llama-2-70b-hf,14,correct_first,California,Sacramento,Los Angeles,7.210626186,90.17170790263604,244.44183696836873,49,1.8529493,1.0,-0.3429696,4.035219,388.6891576025,40,35.64405457368581,44,508.805698105829,43,370.68564489417093,34.65526200000001,49,385.95870492,37,0.013942078525881937,77,975.0527205000001,78,56.81882749999998,13.932694500000002,6
Llama-2-70b-hf,14,intuitive_first,California,Sacramento,Los Angeles,7.210626186,93.27154830374043,231.5535640634717,49,1.4101402,1.0,-0.24464963,4.202746370000001,355.52730507802005,37,36.185753925433325,43,516.976747645012,39,382.2472558549881,47.31852349999999,49,385.95870492,37,0.013942078525881937,77,975.0527205000001,78,56.81882749999998,13.932694500000002,6
Llama-2-70b-hf,15,correct_first,Connecticut,Hartford,Bridgeport,1.243697479,46.43296846118796,207.5140099387439,51,2.4751086,1.0,-0.5980836,5.7903354,383.05994738184,40,35.429678956474746,44,531.9474996644606,39,379.14898583553946,79.11209550000001,39,385.95870492,37,0.10794200719494344,7,860.2978325,78,194.067828,0.5535430000000012,4
Llama-2-70b-hf,15,intuitive_first,Connecticut,Hartford,Bridgeport,1.243697479,61.57958298705411,217.88985460529832,51,2.1332383,1.0,-0.4479274,5.5983029,393.58792473001,45,36.1849555570613,43,529.537505852714,39,359.05238404728595,89.2442575,39,385.95870492,37,0.10794200719494344,7,860.2978325,78,194.067828,0.5535430000000012,4
Llama-2-70b-hf,16,correct_first,Delaware,Dover,Wilmington,1.791563275,136.50017814724404,216.92410627037935,75,2.4598851,1.0,-0.7887628,2.3161459000000004,430.68420609360004,40,15.354763900438902,66,748.9679154333,51,51.3133041667,196.38667671000002,75,385.95870492,37,0.04933557400261465,76,1007.5186590000001,78,27.594187999999995,53.95302149999999,1
Llama-2-70b-hf,16,intuitive_first,Delaware,Dover,Wilmington,1.791563275,160.70696173933754,218.96944439266454,75,2.4879005,1.0,-0.9025169,1.6397619,422.170028773,40,14.49682371491117,67,764.9732525228999,51,31.406651277099996,232.74773875999998,75,385.95870492,37,0.04933557400261465,76,1007.5186590000001,78,27.594187999999995,53.95302149999999,1
Llama-2-70b-hf,17,correct_first,Florida,Tallahassee,Jacksonville,4.917073171,123.106301685149,227.47524424755548,74,1.7301586,1.0,-0.3140037,3.3969449999999997,466.4948209035,40,18.843178702806668,63,682.96418228584,41,67.20612231416,208.94735555000005,41,385.95870492,37,0.13330560906710096,76,995.4363686,78,50.14493190000001,81.79035750000001,76
Llama-2-70b-hf,17,intuitive_first,Florida,Tallahassee,Jacksonville,4.917073171,120.01387571548783,227.73741692220804,74,1.3431381,1.0,-0.22548988,3.91192742,441.41078233970006,38,18.367514355822316,63,702.19232788574,41,72.49793151426,223.75476305999993,74,385.95870492,37,0.13330560906710096,76,995.4363686,78,50.14493190000001,81.79035750000001,76
Llama-2-70b-hf,18,correct_first,Illinois,Springfield,Chicago,23.53153153,83.32646892155454,252.6574122823,63,1.3423387,1.0,-0.23173869,3.9842793100000002,418.41484409,49,33.43955018199456,47,462.62358189526003,43,343.5262538047399,14.295119200000004,50,385.95870492,37,0.027648753547481947,4,921.6199225,78,144.375696,0.02531250000000007,4
Llama-2-70b-hf,18,intuitive_first,Illinois,Springfield,Chicago,23.53153153,80.16686399357526,258.8250548731219,63,1.2910693,1.0,-0.22348852,4.41065578,405.4367742533,40,34.872582674969365,45,460.8697416539,43,351.74771584610005,15.838366999999998,50,385.95870492,37,0.027648753547481947,4,921.6199225,78,144.375696,0.02531250000000007,4
Llama-2-70b-hf,19,correct_first,Kansas,Topeka,Wichita,3.16,93.11867459825253,214.21184846993944,70,1.9019966,1.0,-0.36955655,4.200463149999999,420.469580578,42,21.715933144717873,61,694.2954199251,55,252.1407519749,48.71114,70,385.95870492,37,0.007153344950580653,76,1051.8596385,78,42.07894800000001,17.710226500000005,11
Llama-2-70b-hf,19,intuitive_first,Kansas,Topeka,Wichita,3.16,86.73426829994835,215.4231025820244,70,1.4707373,1.0,-0.25468653,4.90543047,404.2674640975,41,21.752898708514763,61,700.7542794501201,55,273.41330304988,47.90562,70,385.95870492,37,0.007153344950580653,76,1051.8596385,78,42.07894800000001,17.710226500000005,11
Llama-2-70b-hf,20,correct_first,Kentucky,Frankfort,Louisville,21.95729537,135.7638415908234,265.4702170218141,70,1.7404001,1.0,-0.3403237,3.1576919,404.672156783,45,34.18319669845917,45,547.1510894915,43,149.2079258085,97.91913219999998,70,385.95870492,37,0.005298924502547066,33,1046.7660234999998,78,33.1295675,11.27192300000001,12
Llama-2-70b-hf,20,intuitive_first,Kentucky,Frankfort,Louisville,21.95729537,136.5881303803774,259.7792289247966,70,1.8004856,1.0,-0.3796197,3.2427739,407.530594655,40,33.698255862242185,45,558.3150844008999,43,134.62560869909998,106.5521105,70,385.95870492,37,0.005298924502547066,33,1046.7660234999998,78,33.1295675,11.27192300000001,12
Llama-2-70b-hf,21,correct_first,Louisiana,Baton Rouge,New Orleans,1.63255814,87.68981342284935,226.69352674305756,49,2.4218836,1.0,-0.6434849,3.0341490999999996,394.2552955904,40,32.50997105654844,48,448.98318976123994,43,468.83261693875994,0.17001499999999936,49,385.95870492,37,0.004867820300959937,30,1059.446152,78,33.722438999999994,74.184379,6
Llama-2-70b-hf,21,intuitive_first,Louisiana,Baton Rouge,New Orleans,1.63255814,71.87266874988046,240.93993524656008,49,1.6301551,1.0,-0.30859545,3.83153255,405.79535956787004,48,36.83821963525137,43,418.3047044641311,39,518.7171488358692,0.14791199999999982,49,385.95870492,37,0.004867820300959937,30,1059.446152,78,33.722438999999994,74.184379,6
Llama-2-70b-hf,22,correct_first,Maine,Augusta,Portland,3.619791667,109.27319938492505,200.57714163853575,71,2.3272028,1.0,-0.64602256,3.21485524,459.56563321199997,40,21.710709464212357,60,608.2053696349,51,153.27011226509995,27.0776858,71,385.95870492,37,0.006650269392488093,73,1065.3122804999998,78,9.062326499999998,144.67434849999998,27
Llama-2-70b-hf,22,intuitive_first,Maine,Augusta,Portland,3.619791667,98.18330349644378,182.2589412903834,71,2.1476078,1.0,-0.52536684,3.6538381599999994,463.27700607099996,40,17.688228931863357,65,627.5560812644,43,144.5909286356,48.2254506,71,385.95870492,37,0.006650269392488093,73,1065.3122804999998,78,9.062326499999998,144.67434849999998,27
Llama-2-70b-hf,23,correct_first,Maryland,Annapolis,Baltimore,13.72208437,100.10207032181835,253.05699900347753,68,1.667994,1.0,-0.32531333,3.8544506699999994,404.23449944389995,40,26.95347928386936,55,628.02075547961,49,151.42978591039,176.93419532000007,68,385.95870492,37,0.009927433192583502,76,1009.1821669999999,78,114.27140550000001,1.214052999999998,37
Llama-2-70b-hf,23,intuitive_first,Maryland,Annapolis,Baltimore,13.72208437,103.10485521832128,251.44175418806228,68,1.5842615,1.0,-0.31096604,4.25013346,402.7779721976,41,25.77063591034861,57,636.92521405156,49,137.48121794844002,189.57653399900008,68,385.95870492,37,0.009927433192583502,76,1009.1821669999999,78,114.27140550000001,1.214052999999998,37
Llama-2-70b-hf,24,correct_first,Michigan,Lansing,Detroit,5.625,101.8967254303845,286.262237387467,66,1.9068179,1.0,-0.37781304,4.157107959999999,494.40515567153,66,20.172166725864255,61,632.4269943971631,41,160.05622030283698,84.06982167,66,385.95870492,37,0.06324494430366343,76,950.6860875,78,200.404842,0.2928040000000003,1
Llama-2-70b-hf,24,intuitive_first,Michigan,Lansing,Detroit,5.625,114.74823352408015,285.43736384331714,66,1.702108,1.0,-0.33193207,4.06504253,465.830805163214,66,17.29051520613464,66,654.5979995150681,58,147.328058284932,132.35110469,66,385.95870492,37,0.06324494430366343,76,950.6860875,78,200.404842,0.2928040000000003,1
Llama-2-70b-hf,25,correct_first,Minnesota,St. Paul,Minneapolis,1.408026756,140.19700775266838,202.8449208634829,69,2.8489919,1.0,-0.9876482,3.4267834000000006,422.91621601500003,40,13.48092908314105,69,693.7548035175,54,57.741053982500006,211.279453955,69,385.95870492,37,0.01922321069667698,76,1020.8548250000001,78,23.867486,51.00014699999999,6
Llama-2-70b-hf,25,intuitive_first,Minnesota,St. Paul,Minneapolis,1.408026756,166.3479395502187,175.39567737186766,69,3.017901,1.0,-1.401968,2.1379223,406.26017890500003,40,10.219942509705177,72,741.513410068,69,29.605987832000004,252.30976599500002,69,385.95870492,37,0.01922321069667698,76,1020.8548250000001,78,23.867486,51.00014699999999,6
Llama-2-70b-hf,26,correct_first,Montana,Helena,Billings,3.426183844,52.19524748357797,293.76182966023083,64,1.9772769,1.0,-0.37395748,5.24813092,399.64726690690003,40,29.620676672354133,50,523.71510338301,43,395.7768346169901,9.225890499999998,64,385.95870492,37,0.005011134728619576,2,1079.2908695,78,45.087114,35.8765425,26
Llama-2-70b-hf,26,intuitive_first,Montana,Helena,Billings,3.426183844,54.42953598502982,291.0585131477492,64,1.6134671,1.0,-0.28231773,6.1428452700000005,406.9541417084,44,29.363749110992686,50,526.87942942585,47,378.88830517414993,8.723661499999995,64,385.95870492,37,0.005011134728619576,2,1079.2908695,78,45.087114,35.8765425,26
Llama-2-70b-hf,27,correct_first,Nebraska,Lincoln,Omaha,1.606060606,77.10576817944109,208.05016868188955,53,1.4375682,1.0,-0.24799833,4.96641267,402.551571913,40,33.45118143180246,43,483.89207601860005,39,467.30867788140006,1.1481199999999987,39,385.95870492,37,0.011781614191199895,43,996.5976375,78,117.05424650000002,26.381583999999997,78
Llama-2-70b-hf,27,intuitive_first,Nebraska,Lincoln,Omaha,1.606060606,87.01368335042554,211.10806854890413,53,1.2698475,1.0,-0.21095881,4.68636049,387.50124137,41,33.96193139334828,45,480.22196964069997,39,467.0926058593,1.1299469999999996,39,385.95870492,37,0.011781614191199895,43,996.5976375,78,117.05424650000002,26.381583999999997,78
Llama-2-70b-hf,28,correct_first,Nevada,Carson City,Las Vegas,11.63194444,131.0560007728477,263.91977416082767,71,1.7829065,1.0,-0.3350718,3.4492941999999998,424.87118136690003,40,25.77790085925575,55,537.75828437957,49,127.96621092042997,62.21671404,55,385.95870492,37,0.014897768954035755,77,990.6019285,78,4.249085000000001,73.27766599999998,2
Llama-2-70b-hf,28,intuitive_first,Nevada,Carson City,Las Vegas,11.63194444,121.94122817790793,263.97167571435114,71,1.4768882,1.0,-0.2676448,3.7459116999999997,374.62515211199997,37,25.623562098097132,55,547.25387416747,39,127.85449723252998,60.93948749999999,71,385.95870492,37,0.014897768954035755,77,990.6019285,78,4.249085000000001,73.27766599999998,2
Llama-2-70b-hf,29,correct_first,New Hampshire,Concord,Manchester,2.561247216,134.05439396510164,246.59706246340951,64,2.4997032,1.0,-0.6772468,2.2492913999999997,423.2893646205,40,21.85629533615571,55,590.3564912752001,49,78.3801622048,101.72608129999999,55,385.95870492,37,0.010030343251447887,76,1015.46439,78,50.53227699999999,11.233802500000001,1
Llama-2-70b-hf,29,intuitive_first,New Hampshire,Concord,Manchester,2.561247216,142.93094281789655,239.50922631515414,64,2.5698411,1.0,-0.7166175,2.0511237,421.612343697,40,19.856697419152948,64,619.2529626214,55,52.2226962286,152.924719773,55,385.95870492,37,0.010030343251447887,76,1015.46439,78,50.53227699999999,11.233802500000001,1
Llama-2-70b-hf,30,correct_first,New Jersey,Trenton,Newark,3.407572383,54.76614309721439,234.5543732395229,67,2.47702,1.0,-0.5447546,4.5006637,447.43817270499994,40,29.083707286150478,51,594.00346139056,49,242.44221620944,43.6137664,49,385.95870492,37,0.010231615209036753,76,1003.2838320000001,78,71.45934050000001,55.7589605,0
Llama-2-70b-hf,30,intuitive_first,New Jersey,Trenton,Newark,3.407572383,57.302509230858675,214.20489823071486,67,2.6633325,1.0,-0.7112708,3.9411926000000004,459.7287049685,41,28.90665828064538,51,614.6089418242,49,206.0520269758,53.692491700000005,49,385.95870492,37,0.010231615209036753,76,1003.2838320000001,78,71.45934050000001,55.7589605,0
Llama-2-70b-hf,31,correct_first,New Mexico,Santa Fe,Albuquerque,6.182019978,71.78363089295482,202.70640969234435,49,1.5220608,1.0,-0.28412434,4.3418503600000005,398.35399415969994,40,33.52382005762611,47,436.41802022465,39,464.9374089753501,3.8292209999999987,39,385.95870492,37,0.11569512930444995,23,841.3031799999999,78,174.85892799999993,7.250382999999999,4
Llama-2-70b-hf,31,intuitive_first,New Mexico,Santa Fe,Albuquerque,6.182019978,55.07846310374961,178.53485857387113,39,1.4151444,1.0,-0.24405004,5.359456959999999,410.5685255464,40,33.32117435946601,48,428.9818133165,39,446.9076511834999,3.851810999999998,39,385.95870492,37,0.11569512930444995,23,841.3031799999999,78,174.85892799999993,7.250382999999999,4
Llama-2-70b-hf,32,correct_first,New York,Albany,New York,77.05825243,70.2849327188729,263.6382897316988,51,2.0427945,1.0,-0.40566146,3.6284009399999997,404.9136877683,46,36.22703593189662,43,460.46008421386,39,498.2538014861401,5.2044225,51,385.95870492,37,0.0010042076001513093,0,1175.3794125,78,16.2216795,172.61688000000004,0
Llama-2-70b-hf,32,intuitive_first,New York,Albany,New York,77.05825243,72.54550157161233,269.09340351786074,51,1.7486942,1.0,-0.3231501,4.102693599999999,376.7668246976,40,36.98667951466221,43,439.22370446333,39,557.2710573366701,6.319518,51,385.95870492,37,0.0010042076001513093,0,1175.3794125,78,16.2216795,172.61688000000004,0
Llama-2-70b-hf,33,correct_first,North Carolina,Raleigh,Charlotte,1.892712551,133.99944956584937,280.69899674455854,68,1.7060343,1.0,-0.3203512,4.5872258,428.9697017464,46,18.086388062943,63,696.671913117595,58,101.29786105240498,214.61209923000007,68,385.95870492,37,0.05765274056331248,76,994.3280185,78,39.0931055,79.87243300000002,1
Llama-2-70b-hf,33,intuitive_first,North Carolina,Raleigh,Charlotte,1.892712551,143.10159059223975,269.3911234820185,68,1.3662895,1.0,-0.23496109,4.398618610000001,412.76858120933,46,17.076863675542544,66,715.3138580286931,58,88.391295571307,250.58113085699998,68,385.95870492,37,0.05765274056331248,76,994.3280185,78,39.0931055,79.87243300000002,1
Llama-2-70b-hf,34,correct_first,North Dakota,Bismarck,Fargo,1.815789474,34.83827602163199,145.5074730647838,67,1.8730694,1.0,-0.34781185,3.49978165,437.43526107749994,44,16.155392295572835,67,715.69979690321,41,184.05775179679003,4.548197499999997,67,385.95870492,37,0.04688455044993284,76,997.4268165,78,98.30151949999998,3.0104450000000007,5
Llama-2-70b-hf,34,intuitive_first,North Dakota,Bismarck,Fargo,1.815789474,40.424335846164055,158.14745226277955,67,1.4886076,1.0,-0.25314596,3.9028340399999997,430.32032563350003,44,15.40631324311751,67,731.819082886044,41,177.86288811395596,1.2161980000000003,67,385.95870492,37,0.04688455044993284,76,997.4268165,78,98.30151949999998,3.0104450000000007,5
Llama-2-70b-hf,35,correct_first,Oregon,Salem,Portland,3.45505618,122.22632065122389,231.79625050886605,66,2.0987513,1.0,-0.44267777,3.36694323,449.8594058704,49,16.086671933230164,66,749.14245157268,51,75.80597432732,181.29217003,66,385.95870492,37,0.03960505209702312,76,990.7807829999999,78,26.585941499999997,87.66646600000001,76
Llama-2-70b-hf,35,intuitive_first,Oregon,Salem,Portland,3.45505618,121.45398371943269,244.08869572127037,66,1.7513813,1.0,-0.34150168,4.14237332,435.23028946473994,66,15.905723816681634,66,753.5861861687381,58,89.945897731262,181.96459700000003,66,385.95870492,37,0.03960505209702312,76,990.7807829999999,78,26.585941499999997,87.66646600000001,76
Llama-2-70b-hf,36,correct_first,Pennsylvania,Harrisburg,Philadelphia,30.34,62.59635409131451,203.1520400068638,47,1.7975862,1.0,-0.34405178,3.60640342,398.75027880504,45,35.32758998823003,44,469.00089808302005,39,300.65156251698,25.7443351,47,385.95870492,37,0.021527663357108137,36,936.221621,78,114.83461899999998,1.137304000000002,7
Llama-2-70b-hf,36,intuitive_first,Pennsylvania,Harrisburg,Philadelphia,30.34,51.91540336764626,186.282045044267,47,1.5896463,1.0,-0.29828435,3.9956972500000005,395.79356922737,45,35.21036386339033,45,465.253127620386,39,285.7572998796139,27.651488299999997,47,385.95870492,37,0.021527663357108137,36,936.221621,78,114.83461899999998,1.137304000000002,7
Llama-2-70b-hf,37,correct_first,South Dakota,Pierre,Sioux Falls,15.57971014,55.23921289091753,226.20945094655653,51,1.5211077,1.0,-0.27095675,5.27218085,389.884261297,40,36.431035230809776,43,494.43568873123,41,444.77677486877,11.757913999999998,43,385.95870492,37,0.0046799454516939405,9,1041.045314,78,55.049678,12.520564999999998,9
Llama-2-70b-hf,37,intuitive_first,South Dakota,Pierre,Sioux Falls,15.57971014,89.20684254419338,221.83537261759193,52,1.9772885,1.0,-0.39976066,3.6317549399999995,394.2714312795,40,36.46999333807359,43,488.6142385861,41,387.30317421390004,8.844178499999996,43,385.95870492,37,0.0046799454516939405,9,1041.045314,78,55.049678,12.520564999999998,9
Llama-2-70b-hf,38,correct_first,Texas,Austin,Houston,2.349848332,34.863045247715625,195.93292187495277,49,1.4177345,1.0,-0.23590104,4.70008166,382.53730100685,43,40.02443608940111,39,425.00713652779103,39,417.095966672209,30.483764499999992,39,385.95870492,37,0.0188595678807817,41,950.6011914999999,78,127.24953599999999,4.422541499999998,2
Llama-2-70b-hf,38,intuitive_first,Texas,Austin,Houston,2.349848332,36.803006329726145,194.16031068965913,49,1.2751104,1.0,-0.2163938,5.6988079,365.99585913658996,39,38.522871645920944,39,425.127992298235,39,439.8196443017651,28.494529499999995,39,385.95870492,37,0.0188595678807817,41,950.6011914999999,78,127.24953599999999,4.422541499999998,2
Llama-2-70b-hf,39,correct_first,Vermont,Montpelier,Burlington,5.620253165,103.7756152330187,192.22477714462136,47,2.2134943,1.0,-0.4862111,3.9709274,407.413395767,40,32.250546363032036,47,508.57565136249997,47,258.1591800375,17.050630000000005,47,385.95870492,37,0.00816340485416336,77,1043.8709534999998,78,5.472941500000003,59.3828785,15
Llama-2-70b-hf,39,intuitive_first,Vermont,Montpelier,Burlington,5.620253165,99.26995031722171,161.34800372797577,47,2.5744438,1.0,-0.63844645,2.77253805,417.630866252,40,30.882353874829214,49,510.848941832,47,176.368706168,12.630688500000005,47,385.95870492,37,0.00816340485416336,77,1043.8709534999998,78,5.472941500000003,59.3828785,15
Llama-2-70b-hf,40,correct_first,Virginia,Richmond,Virginia Beach,1.948051948,55.76137134035227,153.24792120504105,51,1.8836843,1.0,-0.3989623,4.3325787,395.9660505946,41,36.60953531177134,43,480.95390351435,39,241.66783528565003,22.00803044,43,385.95870492,37,0.01030876949205737,78,1016.957134,78,100.76219450000002,14.349240500000006,3
Llama-2-70b-hf,40,intuitive_first,Virginia,Richmond,Virginia Beach,1.948051948,58.79151008944782,167.33713878150755,51,1.3301581,1.0,-0.2388573,4.6266887,369.3487315204,41,36.96716810322958,43,481.46638936964,39,246.78705743035994,25.2168034,43,385.95870492,37,0.01030876949205737,78,1016.957134,78,100.76219450000002,14.349240500000006,3
Llama-2-70b-hf,41,correct_first,Washington,Olympia,Seattle,13.70967742,73.84450480589928,259.43543199226133,50,1.4376901,1.0,-0.2468282,3.9464453,382.70754107423,41,34.80661957070424,45,445.883920407523,44,381.32730369247696,25.5007474,47,385.95870492,37,0.022795169692169617,1,948.2341355,78,132.71734500000002,0.2490780000000008,0
Llama-2-70b-hf,41,intuitive_first,Washington,Olympia,Seattle,13.70967742,70.40455218683242,266.69643960031857,50,0.93743724,1.0,-0.14558917,4.27719423,363.94969461593803,41,34.95278511521119,45,433.67440191213757,44,383.80751708786255,25.589259300000002,50,385.95870492,37,0.022795169692169617,1,948.2341355,78,132.71734500000002,0.2490780000000008,0
Llama-2-70b-hf,42,correct_first,Wisconsin,Madison,Milwaukee,1.940140845,61.35974753295877,175.88247549719284,49,1.8664485,1.0,-0.35999596,4.38497804,404.93301167100003,46,33.60109587192422,47,444.05962280079996,39,313.3050517992,17.756330300000002,49,385.95870492,37,0.06653205763881703,33,908.2810793000001,78,285.9717276999999,0.6693239999999996,11
Llama-2-70b-hf,42,intuitive_first,Wisconsin,Madison,Milwaukee,1.940140845,46.325997942084484,158.98278937386004,51,1.8452204,1.0,-0.36092627,5.320146429999999,392.545247383,41,33.608377721632834,47,447.2523169634,39,306.0790505366,20.7682916,51,385.95870492,37,0.06653205763881703,33,908.2810793000001,78,285.9717276999999,0.6693239999999996,11
