model,item_id,entity,correct,intuitive,population_ratio,auc_boost_neg,auc_boost_pos,layer_argmax_boost,output_entropy,output_rank_correct,output_logprob_correct,output_logprobdiff,auc_entropy,layer_biggest_change_entropy,auc_rank_correct,layer_biggest_change_rank_correct,auc_logprob_correct,layer_biggest_change_logprob_correct,auc_logprobdiff_pos,auc_logprobdiff_neg,layer_biggest_change_logprobdiff,control_auc_entropy,control_layer_biggest_change_entropy,control_auc_rank_correct,control_layer_biggest_change_rank_correct,control_auc_logprob_correct,control_layer_biggest_change_logprob_correct,control_auc_logprobdiff_pos,control_auc_logprobdiff_neg,control_layer_biggest_change_logprobdiff
Llama-2-7b-hf,1,Australia,Canberra,Sydney,10.86749482,62.657977709750355,87.15716889282285,26,2.3349051,1.0,-0.47353858,3.33903132,156.853894815,16,6.1264429003617575,26,260.3353745052,24,33.128240294799994,81.98984820999999,26,171.39384560000002,15,0.00878897348102904,29,387.55231649999996,8,1.4951824999999985,42.024837999999995,15
Llama-2-7b-hf,2,Brazil,Brasilia,Rio de Janeiro,2.790180361,44.035702411328096,46.743275829266246,23,4.375442,0.125,-3.4509954,0.6991163,165.58853715,16,5.2229642422662,23,278.66025203000004,18,29.441540469999996,67.5820157,30,171.3938569,15,0.0023168989592771885,6,415.115685,30,2.6646320000000046,37.543002,14
Llama-2-7b-hf,3,Canada,Ottawa,Toronto,4.430716724,23.15894689926941,67.61012954249406,28,2.9225864,1.0,-0.71384966,3.39965734,157.37327674800002,16,10.656697193680287,21,214.6437378502,18,47.637338149799994,11.822148899999997,28,171.3938569,15,0.01022233048256604,11,364.67423499999995,30,24.272249000000002,13.899700499999998,1
Llama-2-7b-hf,4,India,New Delhi,Mumbai,107.2815534,8.846063012571735,90.6749696702953,26,4.0739613,1.0,-1.575909,5.1699725999999995,164.83891217999997,16,4.57676840408517,29,253.84085505000002,21,150.57077085000003,1.0002250000000004,26,171.39384560000002,15,0.026594345201561655,29,361.132218,29,31.11474549999999,8.316113500000002,1
Llama-2-7b-hf,5,Morrocco,Rabat,Marrakesh,0.5371287129,32.847324373106524,55.71481837600433,20,4.2218103,0.2,-3.160463,0.31449229999999995,174.97745514000002,19,3.2450815870305827,27,288.36172209999995,26,47.96672099999999,24.4948945,14,171.3938569,15,0.017947049352147623,10,370.614472,26,10.039977999999998,42.039580300000004,17
Llama-2-7b-hf,6,New Zealand,Wellington,Auckland,3.997663551,33.29456763698176,91.51701186291929,24,3.9471645,0.5,-2.0333834,0.7487077000000002,163.27660052,16,8.326611033004166,23,260.7348171805,22,83.37317651949999,22.0206075,5,171.3938569,15,0.0013296175224846657,29,461.3469975,6,0.37618999999999936,76.2423852,6
Llama-2-7b-hf,7,Pakistan,Islamabad,Karachi,13.92307692,17.519568450653725,61.944765744188565,23,2.525224,1.0,-0.52804995,4.52036105,156.242469195,16,8.443652271598477,23,276.1337005376,21,78.06797216240001,2.7503545000000003,23,171.3938569,15,0.004075696988985741,30,411.48363800000004,12,40.9596975,6.7339955000000025,3
Llama-2-7b-hf,8,South Africa,Pretoria,Johannesburg,2.133333333,130.20679248854864,92.72986628557383,29,3.8738837,1.0,-1.621639,1.5230541,159.94979941,16,2.626842623986307,29,382.14661775,29,17.42520915,164.68940081199997,29,171.39384560000002,15,0.02770292909945606,29,383.2381815,29,53.4142955,1.7409119999999998,29
Llama-2-7b-hf,9,Switzerland,Bern,Zurich,3.247767857,39.93595107836053,51.98714349939853,24,3.7458982,1.0,-1.5775552,2.0980258000000003,174.1465824,17,7.00129746333353,25,263.52652054,24,22.052121459999995,50.22535330000001,24,171.3938569,15,0.0026106918436400346,30,422.6553765,30,1.921077999999996,63.610861,2
Llama-2-7b-hf,10,Turkey,Ankara,Istanbul,2.926126126,107.47796012103852,92.31682340856086,24,3.8025305,1.0,-1.6015853,0.8750420000000001,164.60750295,16,4.877653980793999,27,292.228420744,24,16.220051856000005,94.71845156,24,171.39384560000002,15,0.079721994159154,25,342.440376,9,73.2261405,2.390634499999999,16
Llama-2-7b-hf,11,United Arab Emirates,Abu Dhabi,Dubai,1.9375,77.68631320602701,58.731848959987545,27,3.6068816,0.5,-1.9303365,0.6001558000000002,167.51361052559997,19,6.245502615802929,27,265.26455158,24,16.75089012,68.6013408908,27,171.39384129999996,15,0.02231466461826773,29,414.34367399999996,23,42.7600265,26.128349999999998,13
Llama-2-7b-hf,12,Alabama,Montgomery,Birmingham,1.010416667,32.307331321405364,78.2012784844365,22,3.186141,1.0,-0.9144602,3.2875871000000005,159.09334831,16,6.562977229153659,25,299.53380923,25,73.16674327,31.363735800000004,22,171.39384560000002,15,0.0014678735949749044,30,468.6965875,30,0.0,99.6847741,30
Llama-2-7b-hf,13,Alaska,Juneau,Anchorage,9.099678457,32.96245118721233,38.51627620111438,25,3.7697492,1.0,-1.1515094,2.1910371,179.40139126,16,5.975225884083952,26,297.79364822,22,10.957098180000003,44.265811400000004,30,171.3938569,15,0.001424413415990795,29,436.391054,26,0.0,93.95067799999998,30
Llama-2-7b-hf,14,California,Sacramento,Los Angeles,7.210626186,25.0628127484998,69.68666125990727,20,4.270269,0.3333333333333333,-2.3685577,2.1477483,163.00602388000001,16,9.83332978950442,21,220.242493504,20,48.116628895999995,36.327020299999994,20,171.39384560000002,15,0.008984062674527265,29,390.33884950000004,14,46.32437150000001,10.449702999999996,4
Llama-2-7b-hf,15,Connecticut,Hartford,Bridgeport,1.243697479,49.18190706691616,81.52371615413054,20,3.453515,1.0,-1.0052286,5.227980400000001,157.765362201,16,10.532771681804919,21,219.87590901139998,18,96.4604662886,32.95913490000001,20,171.3938569,15,0.00686900435418105,6,384.27372199999996,26,23.288975,10.496316499999995,2
Llama-2-7b-hf,16,Delaware,Dover,Wilmington,1.791563275,75.08523285715569,82.23796412874137,27,3.7030172,1.0,-1.2437036,1.8351936000000002,163.66432917,16,3.6836073653198222,28,318.477330387,27,22.056112412999997,63.07322305,27,171.3938569,15,0.02106486054510847,29,399.9665095,29,71.36811149999998,10.482935000000001,29
Llama-2-7b-hf,17,Florida,Tallahassee,Jacksonville,4.917073171,51.50117286619921,89.23830649423248,28,3.5806634,1.0,-1.2457227,3.3331228,171.99692976400001,16,3.4449427834737425,28,332.9660542806,21,23.424843219399996,65.13238120000001,28,171.3938397,15,0.09215137860836742,29,356.5189696,29,62.6065479,4.6947220000000005,14
Llama-2-7b-hf,18,Illinois,Springfield,Chicago,23.53153153,83.49107363861138,71.50693836030406,24,4.155676,0.16666666666666666,-3.047465,-0.37163939999999984,165.973626,16,4.671860433394631,27,297.41267036,21,17.391254639999996,62.589795970000004,21,171.3938569,15,0.0020162920719924114,29,431.24756749999995,26,17.196906500000004,42.5176705,6
Llama-2-7b-hf,19,Kansas,Topeka,Wichita,3.16,20.607322546207534,68.47937483633606,28,3.8092003,1.0,-1.4331034,3.5924740999999996,165.887788312,16,5.343594793826242,27,296.89631132470004,24,76.4725491753,13.929318000000002,20,171.39384560000002,15,0.006760184716895391,29,391.3210775,26,62.09725799999999,3.9854710000000004,7
Llama-2-7b-hf,20,Kentucky,Frankfort,Louisville,21.95729537,45.28033312904771,54.05310547472567,29,3.8583975,1.0,-1.956216,0.31317890000000004,162.90883113,16,3.9336620616799065,29,278.77716541,21,34.00851238999999,53.784372499999996,29,171.3938569,15,0.017523429127999222,9,357.493922,4,110.50033199999999,0.6190469999999983,0
Llama-2-7b-hf,21,Louisiana,Baton Rouge,New Orleans,1.63255814,58.44051554861438,69.80687360231644,24,3.7227876,1.0,-1.523384,0.5966122999999999,162.99404619,16,9.077681950305966,22,229.410620291,21,36.351576509,34.6998609,20,171.3938397,15,0.0010039489480738308,30,454.1729825,7,0.001234999999999431,93.04198900000002,7
Llama-2-7b-hf,22,Maine,Augusta,Portland,3.619791667,51.468122445561896,33.880984683674384,29,3.8303738,1.0,-1.5454774,1.1014861999999999,171.43922840000002,16,2.8236667627418153,29,315.5783316,21,4.172846999999999,87.83987640000001,29,171.3938569,15,0.0017885359813306508,29,431.50023799999997,26,1.739717999999998,42.4549485,14
Llama-2-7b-hf,23,Maryland,Annapolis,Baltimore,13.72208437,77.0300063005735,52.338137506810924,26,4.236195,0.1111111111111111,-3.391621,-0.9477228000000002,165.25079738999997,16,3.9893459128644273,28,327.983517,26,3.4682975999999996,123.41028142,26,171.3938569,15,0.002519829541585615,29,438.986011,26,3.0355735,40.94117849999999,29
Llama-2-7b-hf,24,Michigan,Lansing,Detroit,5.625,90.51660144348605,102.41966096414964,27,3.5597267,1.0,-1.1664563,2.50622,163.59852502,16,4.565942544697423,27,311.46311840199996,26,28.539436897999995,99.83017247,26,171.39384560000002,15,0.02777930590675451,29,397.3753655,29,21.707655000000003,14.7382375,29
Llama-2-7b-hf,25,Minnesota,St. Paul,Minneapolis,1.408026756,73.73937587753642,76.54348205798229,29,3.958122,1.0,-1.7549773,1.8313789,163.82701877,16,2.8495773494383156,29,343.318713385,27,33.25870321499999,100.1183587,29,171.39384560000002,15,0.006678997033657058,29,422.3343015,29,4.930828,50.7277435,11
Llama-2-7b-hf,26,Montana,Helena,Billings,3.426183844,20.31486569741643,54.6290439508681,27,4.0766993,1.0,-1.6194949,3.5920533999999993,159.08166126999998,16,6.303907391121369,26,298.53879463000004,26,46.20539747,42.7018975,1,171.3938569,15,0.000574407911210462,30,466.461023,26,0.0,87.11143349999999,16
Llama-2-7b-hf,27,Nebraska,Lincoln,Omaha,1.606060606,49.36775389045289,82.34510098565086,18,3.3647661,1.0,-0.99133784,2.36819836,160.9492967,16,8.892272618320705,22,271.298927084,18,95.51998741599999,15.751474800000002,18,171.3938569,15,0.016293494461012987,26,369.637626,26,36.6220245,7.7074700000000025,12
Llama-2-7b-hf,28,Nevada,Carson City,Las Vegas,11.63194444,112.79961378297486,76.11607322745682,24,3.3206697,1.0,-0.9485677,2.3258523,160.79529975000003,16,2.941075175372157,29,422.76797515000004,24,5.02920805,228.66582083999998,24,171.39384560000002,15,0.008511215716795032,29,432.65865399999996,26,16.615597,68.2160945,14
Llama-2-7b-hf,29,New Hampshire,Concord,Manchester,2.561247216,32.10841333768927,71.18035699292929,28,3.5594919,1.0,-1.2415032,4.7355128,179.08388428,16,5.11264723330268,27,288.44023002,23,42.63497218,21.082349200000003,6,171.3938569,15,0.0032441479536729914,29,419.173333,3,30.002590000000005,21.053632,3
Llama-2-7b-hf,30,New Jersey,Trenton,Newark,3.407572383,49.7041500155138,61.30981420696782,25,3.6823149,1.0,-1.1835388,2.5386964,170.19781617,16,6.367975778697868,25,314.45324000000005,23,18.7399608,101.066494,25,171.39384560000002,15,0.00416698070155912,29,399.4500225,29,4.853273000000003,43.171066999999994,4
Llama-2-7b-hf,31,New Mexico,Santa Fe,Albuquerque,6.182019978,36.24505972681535,71.9186603919632,26,3.8649685,1.0,-1.4621024,1.5716038,160.310520667,16,9.680498461995658,22,283.87676405269997,18,75.00915594729999,47.7368015,15,171.3938569,15,0.0038913980054105374,30,429.730324,15,20.209760000000003,14.1361895,15
Llama-2-7b-hf,32,New York,Albany,New York,77.05825243,54.72217250188487,64.55578328470678,20,4.1065054,1.0,-1.8943146,1.1252081,161.57005957,16,11.18875198220602,20,224.390978152,19,43.66215794800001,51.9749378,20,171.3938569,15,0.0033078063954723167,30,423.291362,30,0.10091000000000072,62.2600435,0
Llama-2-7b-hf,33,North Carolina,Raleigh,Charlotte,1.892712551,86.9548676261603,107.0617387499818,27,3.3875933,1.0,-0.99064267,4.93058833,164.67133153,16,4.46008800178634,27,323.71889038940003,25,31.744525710599994,129.91433722000002,27,171.39384560000002,15,0.054777203018704916,29,355.20382670000004,29,41.0674633,12.869587000000003,14
Llama-2-7b-hf,34,North Dakota,Bismarck,Fargo,1.815789474,13.050155496619956,48.80939231494001,26,3.5588496,1.0,-1.095231,2.2982329999999997,161.86741345000002,16,4.419126591948543,27,302.916457174,26,68.250305726,0.0,26,171.3938397,15,0.05297318302287586,29,369.011772,29,42.05549249999999,5.462058000000001,8
Llama-2-7b-hf,35,Oregon,Salem,Portland,3.45505618,91.52207265629096,96.10070519590023,27,3.724626,1.0,-1.228314,2.1821813,163.20388067,16,4.039162408505292,27,355.9952746806,27,18.529250419399997,136.684232,27,171.3938569,15,0.030264120663787742,29,370.18804550000004,29,36.65869449999999,16.061732499999998,14
Llama-2-7b-hf,36,Pennsylvania,Harrisburg,Philadelphia,30.34,50.685944171959775,44.23690050793851,5,4.0367537,0.25,-2.459101,-0.5161305,166.25992141,16,4.7488675240041545,28,228.0286388,3,29.713442499999992,38.18660422000001,5,171.3938569,15,0.004605751540829021,5,393.021162,5,19.647885499999994,28.318078999999997,5
Llama-2-7b-hf,37,South Dakota,Pierre,Sioux Falls,15.57971014,38.89741508337967,63.90179636833463,25,3.9765353,1.0,-1.7795023,1.9311104999999997,155.43836642500003,16,10.238368410260794,21,229.118765604,20,85.98897519599998,6.1070595,7,171.3938569,15,0.002337753296168934,7,417.53264049999996,7,45.269812,9.717568500000002,7
Llama-2-7b-hf,38,Texas,Austin,Houston,2.349848332,20.15316329664176,62.06171349444505,20,3.8439012,1.0,-1.7479376,2.7567833999999998,159.48328870400002,16,11.493993057890698,20,199.37621615260002,18,69.4329672474,3.0104960000000007,20,171.3938569,15,0.011442525548805772,3,366.78673050000003,3,15.369558499999997,6.0804680000000015,3
Llama-2-7b-hf,39,Vermont,Montpelier,Burlington,5.620253165,49.74717330773947,57.90889819392092,25,4.0459332,1.0,-1.9441411,0.9950676,167.1650064,16,6.392572984641465,25,297.41339935999997,21,27.54463184,33.7222525,23,171.39384560000002,15,0.0014678735949749044,30,468.6965875,30,4.777037999999999,46.17942499999998,11
Llama-2-7b-hf,40,Virginia,Richmond,Virginia Beach,1.948051948,28.441860842855046,50.703838143330685,22,3.8190274,1.0,-1.4607005,4.9095055,168.78408245,16,8.148336753691774,22,237.72455601999997,21,50.91310948000001,14.059005,0,171.3938569,15,0.015189792093497023,24,355.944121,30,102.3991075,0.0,2
Llama-2-7b-hf,41,Washington,Olympia,Seattle,13.70967742,64.14046251277738,53.06609125196751,24,4.175013,0.125,-3.767744,-1.3653306,160.952786544,16,5.061147447216851,26,287.60194588,21,9.00867472,91.09259909999997,21,171.3938569,15,0.00934755009179524,4,377.8924515,2,13.666902,39.79327400000001,2
Llama-2-7b-hf,42,Wisconsin,Madison,Milwaukee,1.940140845,32.38527036948977,67.27710932468113,22,4.2108564,0.3333333333333333,-2.2276406,1.3171933999999998,163.01228989999998,16,8.939622734239538,22,212.102685136,21,52.586260663999994,6.0415768,22,171.3938569,15,0.0035384488593613274,30,414.13378850000004,30,32.885534500000006,22.564155500000005,1
Llama-2-13b-hf,1,Australia,Canberra,Sydney,10.86749482,89.98451636282415,97.38498417051045,35,3.4681082,1.0,-1.1667401,3.2045509,181.83614117,15,8.65977624124239,32,280.90785129000005,27,28.903251609999998,123.20290650000001,27,177.06120072000002,16,0.006345792921719665,10,517.6803004999999,38,23.551896999999997,34.038000999999994,10
Llama-2-13b-hf,2,Brazil,Brasilia,Rio de Janeiro,2.790180361,29.922466813132445,44.21770820289922,24,4.2207212,0.25,-2.7616334,0.6614436000000001,207.57293921,16,14.453700682106929,23,233.52871052,15,45.543737279999995,16.2512274,7,177.06120072000002,16,0.008652576738507603,23,505.430208,38,23.348060499999995,5.318345000000001,10
Llama-2-13b-hf,3,Canada,Ottawa,Toronto,4.430716724,34.567154022143846,86.02937214730798,27,3.6451895,1.0,-1.1138427,4.8977859,177.29317392500002,15,14.805162497594512,26,229.1137394262,15,84.2172039738,45.58717265,26,177.06120072000002,16,0.04959172578511761,35,456.152246,0,52.019452000000015,3.3023489999999978,2
Llama-2-13b-hf,4,India,New Delhi,Mumbai,107.2815534,14.283869701154838,98.19216966027885,31,4.221366,1.0,-1.986035,6.186634000000001,228.8493257,31,4.116949795111972,38,350.26352570000006,32,154.39012980000004,13.232591000000001,2,177.06120072000002,16,0.029736652956084176,36,537.745182,38,31.857596000000008,3.5156055000000013,31
Llama-2-13b-hf,5,Morrocco,Rabat,Marrakesh,0.5371287129,34.70671950196624,65.81543959099653,22,4.339573,0.3333333333333333,-2.765534,0.36031999999999975,229.20412340000001,27,6.308482961704065,30,295.70857,29,79.4459816,17.522229499999995,3,177.06120072000002,16,0.00590749917664753,30,519.811597,38,45.3785485,8.145743000000003,6
Llama-2-13b-hf,6,New Zealand,Wellington,Auckland,3.997663551,50.56341964488019,138.58213959836985,32,3.441282,1.0,-1.2342582,3.3154763999999997,201.02892687,26,13.328687676359705,26,264.56956437300005,26,173.579117227,9.844889499999999,26,177.06120072000002,16,0.023977782439340622,35,527.0962764999999,35,43.59100500000001,3.6647329999999982,5
Llama-2-13b-hf,7,Pakistan,Islamabad,Karachi,13.92307692,21.670070384420082,120.66873672325374,30,3.5595088,1.0,-1.075284,5.0958195,196.562984708,21,13.390615995871759,28,223.961252763,15,155.07202223700003,3.1213224999999998,30,177.06120072000002,16,0.017951179639239857,18,476.5165395,38,26.841121499999996,20.296606499999996,12
Llama-2-13b-hf,8,South Africa,Pretoria,Johannesburg,2.133333333,145.40590096165033,86.85220434902138,35,4.0659285,0.09090909090909091,-4.0504594,-0.6808043000000001,202.24069065999998,16,0.21850783105032337,37,503.6795049,34,7.116422000000002,298.158309698,37,177.06120072000002,16,0.01429436799981128,37,571.129349,37,9.378985,62.46986600000001,37
Llama-2-13b-hf,9,Switzerland,Bern,Zurich,3.247767857,65.01932043592262,57.25994370609138,37,4.1919,0.2,-2.9591007,1.4459543,212.49916638,22,2.5126588321879195,32,326.48046869999996,23,16.848958999999994,92.9033116,7,177.06120072000002,16,0.014820251307300164,23,508.6840920000001,38,8.001584999999999,19.220401999999993,7
Llama-2-13b-hf,10,Turkey,Ankara,Istanbul,2.926126126,118.01512561187478,99.7936071312435,34,3.821934,0.5,-2.0923467,1.0393085000000002,203.30893994000002,16,3.8172262945021602,35,349.99522367,34,10.77990823,170.94739099999998,34,177.06120072000002,16,0.006282240900600407,37,516.8463370000001,38,2.3574079999999995,53.984932000000015,37
Llama-2-13b-hf,11,United Arab Emirates,Abu Dhabi,Dubai,1.9375,78.75701184569651,104.52857815812129,33,3.560454,1.0,-1.3722332,2.2729017999999996,188.289147165,20,8.986814730563712,33,297.950685993,27,28.318919407,112.716463006,33,177.06119249,16,0.008366327712185505,37,526.410222,14,39.4094245,8.551457499999998,14
Llama-2-13b-hf,12,Alabama,Montgomery,Birmingham,1.010416667,28.276201616916826,74.75728999115753,31,3.5763996,1.0,-1.4607238,2.6739837,217.38950537,21,4.971443277043028,33,327.1269786,29,83.74834349999999,9.929790500000001,15,177.06120072000002,16,0.003157477417287131,33,541.6987295,38,17.991406999999995,19.727897500000005,1
Llama-2-13b-hf,13,Alaska,Juneau,Anchorage,9.099678457,74.12789359823134,64.3184464834762,37,3.9635289,1.0,-1.5402251,2.1411455999999998,226.76564919999998,12,2.6231148763155203,37,355.65960365,29,15.260206249999998,56.8518631,37,177.06120072000002,16,0.0029498264684121567,7,541.903279,7,7.700906500000006,32.75784849999999,0
Llama-2-13b-hf,14,California,Sacramento,Los Angeles,7.210626186,23.794431285925004,91.87433227561219,26,4.1381655,1.0,-1.9512852,4.3752462,195.00854644999998,21,15.71608905668029,25,218.155470843,15,92.64806455700001,29.874951,11,177.06120072000002,16,0.007040554800454796,35,511.75521000000003,3,26.292708999999995,9.065193499999998,3
Llama-2-13b-hf,15,Connecticut,Hartford,Bridgeport,1.243697479,17.90305970658509,130.96106644537483,31,3.0111532,1.0,-0.8329397,8.3376313,181.668436511,20,16.038913795183234,26,223.9724046373,20,232.4289188627,0.5726639999999978,20,177.06120072000002,16,0.015707175985446326,16,483.792475,7,76.25179150000001,2.983236999999999,15
Llama-2-13b-hf,16,Delaware,Dover,Wilmington,1.791563275,83.32775770896177,104.05605542524347,34,2.749999,1.0,-0.73622143,3.0245255699999998,211.14748649999996,23,4.638291213582171,35,351.120681,34,41.132137,119.58234180999999,34,177.06120072000002,16,0.019195930313574416,37,531.1994395,37,54.06734399999999,4.086814499999999,21
Llama-2-13b-hf,17,Florida,Tallahassee,Jacksonville,4.917073171,67.12808875784108,106.35187400546926,35,3.7818866,1.0,-1.6037565,4.326785,204.06542442,20,4.116566895933781,35,422.17655620999994,35,35.23628859,95.3712963,35,177.06119492,16,0.018039256047672377,37,532.0897170000001,37,35.043376,3.6167514999999995,37
Llama-2-13b-hf,18,Illinois,Springfield,Chicago,23.53153153,125.34944279758997,70.95012415397997,33,3.9678762,0.16666666666666666,-2.870813,-0.48507919999999993,184.26679228,17,1.7158616142821468,38,370.9198277,18,11.736547,188.15106930300004,18,177.06120072000002,16,0.003883084914218597,35,545.7160900000001,0,30.952005,3.1163679999999996,3
Llama-2-13b-hf,19,Kansas,Topeka,Wichita,3.16,25.369039759001552,81.59210529532481,35,3.600404,1.0,-1.4419504,3.0678796,199.95308386699998,20,4.961621544407968,35,371.28691011200004,23,84.299037388,13.118528999999997,35,177.06120072000002,16,0.003080895023578543,37,559.760939,32,11.826200999999992,27.129453500000004,5
Llama-2-13b-hf,20,Kentucky,Frankfort,Louisville,21.95729537,71.34732406455275,58.828513789645065,37,4.0986567,0.5,-2.153635,0.7361126000000002,214.72766493,21,2.194547264637915,37,389.3415531,25,7.695524399999999,151.17724590999998,37,177.06120072000002,16,0.0012332564550393958,32,582.0206794999999,38,1.0285054999999996,84.03209749999998,12
Llama-2-13b-hf,21,Louisiana,Baton Rouge,New Orleans,1.63255814,62.88688932435346,53.317527264574686,25,4.006543,0.2,-2.7503228,-0.5796320000000001,219.01595350000002,21,7.781060466716529,30,315.873157,15,48.824570300000005,36.354444900000004,15,177.06119492,16,0.0017073885157098507,36,590.5869594999999,6,4.8134005,57.655178000000014,6
Llama-2-13b-hf,22,Maine,Augusta,Portland,3.619791667,79.66852135385165,59.94817849566893,37,3.1805906,1.0,-1.1675887,0.8430081,191.041462545,20,2.7758988434229375,37,366.59486861000005,37,34.56487839,115.1911721,37,177.06120072000002,16,0.004597490896158945,0,524.7234405,7,19.236337,44.131542,7
Llama-2-13b-hf,23,Maryland,Annapolis,Baltimore,13.72208437,104.62620233566173,68.27041208904478,36,3.698123,1.0,-1.5622448,1.5658831999999998,191.06113616,20,6.382384889333872,38,344.91314126000003,27,26.853729140000002,152.46925297,27,177.06120072000002,16,0.006934611162329645,0,515.317967,0,32.26512749999999,10.746413,0
Llama-2-13b-hf,24,Michigan,Lansing,Detroit,5.625,134.65027884033108,103.80788029323215,36,3.9782155,1.0,-1.9073331,2.0769956,203.49092461,22,1.8635921147819037,38,430.62205259999996,33,17.8620237,228.04208758999997,36,177.06120072000002,16,0.013335013056352367,37,548.4063229999999,37,9.241127,40.93258349999999,37
Llama-2-13b-hf,25,Minnesota,St. Paul,Minneapolis,1.408026756,104.51406162445582,49.04812264376469,35,3.9128432,0.16666666666666666,-3.1287193,-1.0496873,200.75912949999997,20,0.5639047505377773,38,430.58020809999994,35,4.279677500000002,162.60212712,35,177.06120072000002,16,0.018642805435121042,37,504.66392299999995,38,47.3770145,7.227084999999997,9
Llama-2-13b-hf,26,Montana,Helena,Billings,3.426183844,23.332095655749413,106.64633250951198,33,3.7285855,1.0,-1.5257638,3.6297461999999996,214.33423703,21,6.803369627196394,33,323.44348823999997,29,101.47604755999998,11.982071500000002,33,177.06120072000002,16,0.006980953176989924,4,525.990967,35,71.70102099999998,6.5502884999999935,10
Llama-2-13b-hf,27,Nebraska,Lincoln,Omaha,1.606060606,59.73405242193099,91.45310644044686,31,3.3613024,1.0,-1.276051,1.4450646,201.888725963,21,9.687450234921489,38,286.86261627,20,130.16592022999998,24.470620500000003,15,177.06120072000002,16,0.010177180031631414,14,497.3624195,38,68.36802449999999,9.460551,1
Llama-2-13b-hf,28,Nevada,Carson City,Las Vegas,11.63194444,136.7056187140154,101.6370546723434,33,3.9461756,1.0,-1.8760729,1.3908538999999998,193.65763748,20,3.8883545906206685,37,404.05218820000005,33,21.1160124,214.36597448000003,33,177.06120072000002,16,0.013274861191093574,37,490.63954249999995,35,5.966378500000001,31.008130499999993,9
Llama-2-13b-hf,29,New Hampshire,Concord,Manchester,2.561247216,57.33707365058822,102.62118792619817,32,3.0373974,1.0,-0.92185146,3.71848124,240.87106898000002,32,7.649891352983101,32,326.308094569,32,56.586954731000006,72.09794430000002,32,177.06120072000002,16,0.0025319316871306426,37,595.849632,38,0.0,111.20519649999999,9
Llama-2-13b-hf,30,New Jersey,Trenton,Newark,3.407572383,70.5530840622811,82.20322325069382,35,3.2498562,1.0,-0.95519245,3.5281945499999994,240.2964417,21,8.904095521676524,30,346.96238248000003,23,40.58876952000001,106.69221370000001,27,177.06120072000002,16,0.0077706712093826395,0,498.95575399999996,38,61.15892900000001,22.369501000000007,9
Llama-2-13b-hf,31,New Mexico,Santa Fe,Albuquerque,6.182019978,44.188852278772536,92.3039766698131,33,3.899555,0.5,-1.8440282,2.0632248,227.54114986000002,31,14.425712300193098,25,250.91251041500004,20,101.87688598500002,16.929354000000004,20,177.06120072000002,16,0.0020592941299537398,38,583.7366925,38,0.6686439999999987,48.52471600000002,10
Llama-2-13b-hf,32,New York,Albany,New York,77.05825243,56.218540260808794,68.16549459034748,25,4.2721276,1.0,-1.6784984,1.0404776,234.89192839999998,25,13.995807297238404,25,228.38464904,21,73.98304846,4.125276899999999,27,177.06120072000002,16,0.013533624292514673,25,503.846533,2,48.639875999999994,14.741227000000002,19
Llama-2-13b-hf,33,North Carolina,Raleigh,Charlotte,1.892712551,130.04330223953355,122.95505177919622,33,3.7403026,1.0,-1.6377156,4.0193064000000005,227.19261970000002,21,3.9596759952271774,36,392.01519767,33,17.11334463,194.78848318000004,33,177.06120072000002,16,0.016290124563892693,37,514.9949695,7,10.987791000000001,26.557281000000003,37
Llama-2-13b-hf,34,North Dakota,Bismarck,Fargo,1.815789474,16.773219813563323,72.56481871561691,35,2.836087,1.0,-0.74098384,5.18058216,235.28912712,35,4.340866630157443,35,362.431598443,35,56.014756757,4.9043945,35,177.06119492,16,0.015149653572558866,37,539.9622274999999,38,30.117160000000013,5.195757000000002,7
Llama-2-13b-hf,35,Oregon,Salem,Portland,3.45505618,121.59639826035993,82.38005973129508,34,3.8572354,0.25,-2.4606652,-0.5205670000000002,200.66858507,21,0.7802036973079799,35,460.58707719999995,34,12.4127005,235.33175583000002,34,177.06120072000002,16,0.009443483490571834,37,555.291414,37,6.9965399999999995,62.45971850000001,37
Llama-2-13b-hf,36,Pennsylvania,Harrisburg,Philadelphia,30.34,57.32778349472547,63.10628589541273,28,3.8802629,0.3333333333333333,-2.2980938,1.7521372,204.98988235000002,21,9.214253841464853,28,254.80104445999999,15,15.975728739999997,46.63806229,23,177.06120072000002,16,0.02607919446218529,16,471.042035,38,43.94697250000001,4.779697499999999,7
Llama-2-13b-hf,37,South Dakota,Pierre,Sioux Falls,15.57971014,42.00394219263579,49.228017700088955,26,3.959539,0.3333333333333333,-2.0971532,1.5045360999999997,236.6226306,23,9.178787740825264,29,266.25353925,25,38.116810650000005,14.578979900000002,4,177.06120072000002,16,0.015097037556826006,9,487.17067099999997,38,43.565529999999995,6.3831504999999975,18
Llama-2-13b-hf,38,Texas,Austin,Houston,2.349848332,27.89818658003783,102.6152700661253,31,4.040979,0.3333333333333333,-2.432517,4.375805000000001,174.778816576,20,18.97905597919291,18,170.852234183,15,132.331304117,5.5435292,20,177.06120072000002,16,0.03862825518043521,31,479.81488449999995,38,51.72419699999999,0.7872339999999998,0
Llama-2-13b-hf,39,Vermont,Montpelier,Burlington,5.620253165,46.33096895213209,82.27255150796664,37,3.1338072,1.0,-0.93115133,3.9470863699999996,209.64448997,21,5.725622476992211,33,316.95375163999995,27,39.11356865999999,16.5331864,28,177.06120072000002,16,0.003157477417287131,33,541.6987295,38,32.7450175,1.7987015000000017,0
Llama-2-13b-hf,40,Virginia,Richmond,Virginia Beach,1.948051948,28.334995548627216,62.482640039570775,25,3.9924247,1.0,-1.8814669,4.056737399999999,197.12589625,18,17.996570329454862,21,204.84362635899998,15,85.19360664100002,3.0692638,1,177.06120072000002,16,0.04260220795987475,12,452.31270249999994,38,141.2904475,0.0,7
Llama-2-13b-hf,41,Washington,Olympia,Seattle,13.70967742,70.84965903749337,55.781569342954,27,4.2763977,0.3333333333333333,-2.5982757,0.5802087,192.73901727999998,20,5.558656636156171,35,302.9564576,27,15.963372000000003,86.4407232,1,177.06120072000002,16,0.008703641705475367,13,502.83153649999997,0,11.634350500000002,29.626558000000003,16
Llama-2-13b-hf,42,Wisconsin,Madison,Milwaukee,1.940140845,12.806616128086485,90.9052946952683,33,3.4880347,1.0,-1.1651357,4.371443299999999,196.28563315,20,11.037783095401641,30,263.83308607,25,106.56294242999999,4.155141,33,177.06120072000002,16,0.0023712795256133927,37,558.443297,3,61.67787949999999,3.6192215,3
Llama-2-70b-hf,1,Australia,Canberra,Sydney,10.86749482,98.48568806832884,229.23157434761376,74,2.5690262,1.0,-0.64901614,4.34807846,427.7897365762001,41,28.38565870956959,52,473.27179971121,50,172.21521718879,141.87737130000005,66,385.95870492,37,0.017124252887756576,77,1014.6635455,78,17.760074999999993,52.74270799999999,5
Llama-2-70b-hf,2,Brazil,Brasilia,Rio de Janeiro,2.790180361,40.981520997767866,150.10050138733752,46,3.5874496,1.0,-1.3738539,5.1749491,425.21714723,42,27.370637049802447,77,434.02114880399995,39,289.245320496,9.253552999999998,14,385.95870492,37,0.025879265719318097,7,927.4815120000001,78,93.96800250000004,1.9862214999999992,3
Llama-2-70b-hf,3,Canada,Ottawa,Toronto,4.430716724,50.913427435135226,245.42558021899504,68,2.4482207,1.0,-0.61275584,6.3684977599999995,388.6868140021,41,40.02228969751759,39,396.68511600606,39,500.60639639394003,9.649088599999995,39,385.95870492,37,0.04510756246027635,39,887.0351395,78,137.63475599999998,0.0,4
Llama-2-70b-hf,4,India,New Delhi,Mumbai,107.2815534,30.054345845751357,198.0602448253609,60,3.7669559,0.5,-2.1991334,7.384902599999999,419.9979032,41,10.061157489461884,62,682.9112931,62,411.83235939999986,4.026980499999997,60,385.95870492,37,0.04458976390055089,73,1018.9842120000001,78,60.84847550000002,3.4237874999999995,4
Llama-2-70b-hf,5,Morrocco,Rabat,Marrakesh,0.5371287129,57.362183594429375,191.7121445717877,50,3.3564732,1.0,-1.2061815,3.0116368000000002,425.175274387,44,28.741900223538945,56,430.68277841099996,50,401.18731658900003,2.807260000000001,6,385.95870492,37,0.06266812733587396,13,880.1757165,78,190.30889899999994,0.7261670000000002,11
Llama-2-70b-hf,6,New Zealand,Wellington,Auckland,3.997663551,69.78792189190334,284.6774451643383,66,2.818066,1.0,-0.7908717,5.1779603,415.55478686690003,46,31.153972659846396,50,464.81798906451,39,545.4168349354898,0.0,66,385.95870492,37,0.07194165444469208,69,952.8172105000001,78,60.499166,6.665028000000001,12
Llama-2-70b-hf,7,Pakistan,Islamabad,Karachi,13.92307692,52.51925356392198,178.67173981047395,50,3.8163767,1.0,-1.2820445,6.8027835,417.188767625,41,30.726222344028173,51,440.2510744149,39,244.12238268510004,28.947638199999997,5,385.95870492,37,0.016389586771316772,78,967.903593,78,84.547513,7.858368499999997,5
Llama-2-70b-hf,8,South Africa,Pretoria,Johannesburg,2.133333333,243.09743347286977,236.35129268291544,73,3.4351008,1.0,-1.1750112,2.3210153,403.541472977,42,8.40291241111362,73,979.6108731078,66,35.77597379219999,692.3292320514998,73,385.95870492,37,0.038319449507524174,76,1045.3753895,78,48.376253500000004,48.4641575,0
Llama-2-70b-hf,9,Switzerland,Bern,Zurich,3.247767857,88.08795544752454,192.37331943165873,72,3.3682756,1.0,-1.1914144,3.2246879999999996,395.77339331099995,39,29.651526428898677,51,498.7928467539,39,177.80673764609998,78.9252959,43,385.95870492,37,0.01067375978606222,28,993.5111415,78,36.7173435,36.91998000000002,7
Llama-2-70b-hf,10,Turkey,Ankara,Istanbul,2.926126126,135.3385527026556,223.80867365064978,69,2.989161,1.0,-0.9365511,3.1879909,418.8269375343,41,16.773788295742968,66,654.9419181057201,61,85.41635212428001,172.86055826999998,69,385.95870492,37,0.070357296478213,73,958.2777914999999,78,129.52627900000002,10.751728,1
Llama-2-70b-hf,11,United Arab Emirates,Abu Dhabi,Dubai,1.9375,79.02358066845647,206.69481111674176,73,3.5414262,0.5,-1.5991496,6.0353464,389.1386454671,39,35.07539100741245,49,345.08724717818995,7,258.27681222181,37.58324263000001,53,385.95866230999997,37,0.05213569512364109,76,912.156606,78,147.23439550000003,7.870117499999999,5
Llama-2-70b-hf,12,Alabama,Montgomery,Birmingham,1.010416667,88.35975018974025,181.85487323178094,54,2.4731104,1.0,-0.5997135,4.062703,418.3813761,44,26.387270857120377,56,494.6062350739999,39,352.5882829259999,8.399083000000001,3,385.95870492,37,0.00816340485416336,77,1043.8709534999998,78,14.5842595,61.028396500000014,17
Llama-2-70b-hf,13,Alaska,Juneau,Anchorage,9.099678457,84.88635603781857,145.81930754489252,69,2.4531658,1.0,-0.5950117,2.9215006999999997,532.5688396676,51,18.456211751126553,66,540.8107207985,53,130.52868970149996,5.538256900000001,69,385.95870492,37,0.01520856886492683,70,988.5134065,78,28.33031,58.56592500000001,10
Llama-2-70b-hf,14,California,Sacramento,Los Angeles,7.210626186,58.022872228499686,236.67774651656083,44,3.205151,1.0,-0.9087134,6.3230106,396.02327712809995,41,37.85272114586682,43,415.58062475516,39,503.9332145448398,46.92175579999999,44,385.95870492,37,0.013942078525881937,77,975.0527205000001,78,56.81882749999998,13.932694500000002,6
Llama-2-70b-hf,15,Connecticut,Hartford,Bridgeport,1.243697479,37.3416425110547,221.10450786336563,39,1.9935383,1.0,-0.4227504,8.7535856,380.4022542831,39,38.07447587156492,43,379.168997946044,39,525.0554560539558,2.9042650000000005,39,385.95870492,37,0.10794200719494344,7,860.2978325,78,194.067828,0.5535430000000012,4
Llama-2-70b-hf,16,Delaware,Dover,Wilmington,1.791563275,144.92487758348113,225.6637866544325,67,1.2688366,1.0,-0.22598024,4.62049016,430.26785849429996,44,12.552860984167678,67,811.69838060166,67,83.94076419833999,251.51071459000002,67,385.95870492,37,0.04933557400261465,76,1007.5186590000001,78,27.594187999999995,53.95302149999999,1
Llama-2-70b-hf,17,Florida,Tallahassee,Jacksonville,4.917073171,113.71263890233914,190.94936091204895,74,2.5745244,1.0,-0.65583175,4.48677625,509.50239205599996,44,15.387551331863389,65,715.04145311,62,58.69111918999999,297.3597070900001,74,385.95870492,37,0.13330560906710096,76,995.4363686,78,50.14493190000001,81.79035750000001,76
Llama-2-70b-hf,18,Illinois,Springfield,Chicago,23.53153153,96.69992506169032,212.9598868426595,63,2.7140212,1.0,-0.69878536,4.673751340000001,422.023594129,42,31.07856193177762,50,433.95972444100005,43,235.03583975900003,41.65148670000001,63,385.95870492,37,0.027648753547481947,4,921.6199225,78,144.375696,0.02531250000000007,4
Llama-2-70b-hf,19,Kansas,Topeka,Wichita,3.16,64.80794524516942,163.8717087929109,70,2.5473313,1.0,-0.596097,4.315728999999999,418.90349229000003,39,17.128239172991936,67,731.8208293270001,43,185.93152947299998,40.62312450000002,70,385.95870492,37,0.007153344950580653,76,1051.8596385,78,42.07894800000001,17.710226500000005,11
Llama-2-70b-hf,20,Kentucky,Frankfort,Louisville,21.95729537,110.40311707115102,191.95855229546305,70,2.936339,1.0,-0.7715198,3.1830224,425.03725747500005,39,14.341687731535565,70,634.7485747595,43,57.6465685405,159.60751370999998,70,385.95870492,37,0.005298924502547066,33,1046.7660234999998,78,33.1295675,11.27192300000001,12
Llama-2-70b-hf,21,Louisiana,Baton Rouge,New Orleans,1.63255814,53.44309564429771,217.7487172745658,50,2.228307,1.0,-0.4826527,4.8958383,408.6919804805,40,35.261086920981306,45,428.03542456540004,39,396.82146233459997,10.738437999999999,50,385.95870492,37,0.004867820300959937,30,1059.446152,78,33.722438999999994,74.184379,6
Llama-2-70b-hf,22,Maine,Augusta,Portland,3.619791667,115.44761330489241,184.0433487937878,71,2.151272,1.0,-0.5032423,4.3217833,407.99881272899995,39,16.026672942970556,66,637.9792862761001,43,92.8174854239,88.2756504,71,385.95870492,37,0.006650269392488093,73,1065.3122804999998,78,9.062326499999998,144.67434849999998,27
Llama-2-70b-hf,23,Maryland,Annapolis,Baltimore,13.72208437,118.36991364171158,236.0471921178984,68,2.9003844,1.0,-0.7994523,2.7365707,394.37980754,39,24.926020891480984,59,550.0657781707001,53,94.0218231293,142.722635612,68,385.95870492,37,0.009927433192583502,76,1009.1821669999999,78,114.27140550000001,1.214052999999998,37
Llama-2-70b-hf,24,Michigan,Lansing,Detroit,5.625,129.25161266555457,260.9832815681955,66,2.2705631,1.0,-0.5452489,5.2341461,464.1169395588,41,13.81903047374037,66,731.5710577075581,66,136.214378392442,252.30335318000004,66,385.95870492,37,0.06324494430366343,76,950.6860875,78,200.404842,0.2928040000000003,1
Llama-2-70b-hf,25,Minnesota,St. Paul,Minneapolis,1.408026756,189.8304491647421,195.8397274721194,69,2.6525679,0.5,-1.2161187,1.8613855,412.29214164999996,39,9.070823392143948,73,764.9223316060001,69,15.478881894,344.071263189,69,385.95870492,37,0.01922321069667698,76,1020.8548250000001,78,23.867486,51.00014699999999,6
Llama-2-70b-hf,26,Montana,Helena,Billings,3.426183844,47.39135556979164,224.5106546690977,64,2.3081043,1.0,-0.51471424,5.57285116,385.242077242,39,21.793127645676357,62,607.9914025692,50,251.56149043079998,26.117068999999994,64,385.95870492,37,0.005011134728619576,2,1079.2908695,78,45.087114,35.8765425,26
Llama-2-70b-hf,27,Nebraska,Lincoln,Omaha,1.606060606,62.01097275600882,194.02777686557738,73,2.0908346,1.0,-0.44829908,6.05734292,397.173105506,39,30.67160339193353,57,497.52484364099996,39,455.110650059,5.1100955,39,385.95870492,37,0.011781614191199895,43,996.5976375,78,117.05424650000002,26.381583999999997,78
Llama-2-70b-hf,28,Nevada,Carson City,Las Vegas,11.63194444,126.03815927558081,241.42385850176257,71,2.6978712,1.0,-0.6685955,4.6638565,416.0060085739,39,14.963689797086202,68,585.95102010115,12,113.08629219885,156.15314675000002,71,385.95870492,37,0.014897768954035755,77,990.6019285,78,4.249085000000001,73.27766599999998,2
Llama-2-70b-hf,29,New Hampshire,Concord,Manchester,2.561247216,85.84547772911331,217.31758773605887,64,2.653431,1.0,-0.6929226,6.0200891,547.238777204,64,18.295150185166495,64,574.401549505,64,118.66998639500002,109.60224980000002,64,385.95870492,37,0.010030343251447887,76,1015.46439,78,50.53227699999999,11.233802500000001,1
Llama-2-70b-hf,30,New Jersey,Trenton,Newark,3.407572383,89.63287683954833,258.5545189044889,67,2.7411733,1.0,-0.6954447,5.310354599999999,414.5641777953,41,22.723338487998404,59,573.86188667239,9,222.62138642761002,93.17573089999999,67,385.95870492,37,0.010231615209036753,76,1003.2838320000001,78,71.45934050000001,55.7589605,0
Llama-2-70b-hf,31,New Mexico,Santa Fe,Albuquerque,6.182019978,64.04200153721864,169.03786492364702,39,2.5435538,1.0,-0.6090889,3.5317041000000002,435.911300183,44,40.08516662570442,39,374.3295797077,39,349.5408831923001,2.6067490000000006,39,385.95870492,37,0.11569512930444995,23,841.3031799999999,78,174.85892799999993,7.250382999999999,4
Llama-2-70b-hf,32,New York,Albany,New York,77.05825243,98.62739725211179,228.63329424327583,44,2.4037812,1.0,-0.5233037,3.652293,402.5629782205,43,40.02335361055894,39,394.4699695703,39,419.3484301296999,37.99290169999999,39,385.95870492,37,0.0010042076001513093,0,1175.3794125,78,16.2216795,172.61688000000004,0
Llama-2-70b-hf,33,North Carolina,Raleigh,Charlotte,1.892712551,127.5271563198802,249.29427637235182,68,2.8335547,1.0,-0.7693851,5.4996549,483.8508543773,46,15.979039516263846,66,679.2493375143,58,89.8403541857,221.02645763,68,385.95870492,37,0.05765274056331248,76,994.3280185,78,39.0931055,79.87243300000002,1
Llama-2-70b-hf,34,North Dakota,Bismarck,Fargo,1.815789474,26.835051861414808,186.03016148744643,67,2.0239756,1.0,-0.42114526,7.18225174,464.1704553789,46,12.929928021313065,67,743.31126538644,67,185.99356711355998,6.033002499999995,67,385.95870492,37,0.04688455044993284,76,997.4268165,78,98.30151949999998,3.0104450000000007,5
Llama-2-70b-hf,35,Oregon,Salem,Portland,3.45505618,160.33251347434415,216.74005393321173,66,2.4707308,1.0,-0.6200234,3.9341326,397.88032033499996,39,11.652068339527013,69,914.0598432555,66,43.3582581445,398.8998775999999,66,385.95870492,37,0.03960505209702312,76,990.7807829999999,78,26.585941499999997,87.66646600000001,76
Llama-2-70b-hf,36,Pennsylvania,Harrisburg,Philadelphia,30.34,58.440709990465805,169.02774636094009,50,3.4748116,1.0,-1.1839113,4.2454557,399.70058664199996,39,35.50979114240456,45,398.32992067758,39,269.80094362241994,22.244542640000002,50,385.95870492,37,0.021527663357108137,36,936.221621,78,114.83461899999998,1.137304000000002,7
Llama-2-70b-hf,37,South Dakota,Pierre,Sioux Falls,15.57971014,43.367100603716935,164.35251462485314,63,3.57269,1.0,-1.2824236,4.094816099999999,414.70520207800007,41,36.317737457562345,44,483.7903944447,39,309.8611302553,23.295401299999998,43,385.95870492,37,0.0046799454516939405,9,1041.045314,78,55.049678,12.520564999999998,9
Llama-2-70b-hf,38,Texas,Austin,Houston,2.349848332,44.19925621779073,193.78886457892946,46,3.2959118,1.0,-1.0773897,6.5752506,377.26650253133,39,40.10313582632497,39,380.246904680397,39,491.1899359196031,29.8776356,39,385.95870492,37,0.0188595678807817,41,950.6011914999999,78,127.24953599999999,4.422541499999998,2
Llama-2-70b-hf,39,Vermont,Montpelier,Burlington,5.620253165,60.79774560769947,164.25523532707152,57,2.2958138,1.0,-0.5520339,5.176427800000001,388.0258289540001,39,25.458233236330475,57,537.987224388,55,164.999858112,2.636081199999999,57,385.95870492,37,0.00816340485416336,77,1043.8709534999998,78,5.472941500000003,59.3828785,15
Llama-2-70b-hf,40,Virginia,Richmond,Virginia Beach,1.948051948,49.31289991462993,123.72748562766564,64,3.287866,1.0,-0.95599455,4.26457345,390.99279270700004,39,35.0039237361479,49,467.978123265,39,180.11705380499998,44.28793761199999,12,385.95870492,37,0.01030876949205737,78,1016.957134,78,100.76219450000002,14.349240500000006,3
Llama-2-70b-hf,41,Washington,Olympia,Seattle,13.70967742,68.37668309163519,223.21862550544395,44,1.996904,1.0,-0.39383668,3.42872362,377.39692218002006,39,32.03380059289471,51,416.247778043646,44,372.26520705635403,28.2444165,44,385.95870492,37,0.022795169692169617,1,948.2341355,78,132.71734500000002,0.2490780000000008,0
Llama-2-70b-hf,42,Wisconsin,Madison,Milwaukee,1.940140845,46.638238860058465,166.41880078320222,55,2.8594427,1.0,-0.7735386,6.1964397,402.264818387,39,32.80150606271293,50,433.29555907429994,39,349.88968012569995,5.889558799999997,7,385.95870492,37,0.06653205763881703,33,908.2810793000001,78,285.9717276999999,0.6693239999999996,11
